dia,vehiculo,distancia_km,consumo_L
01/04/2025,saveiro_2023,13.7,1.14
02/04/2025,saveiro_2023,13.6,1.13
03/04/2025,saveiro_2023,13.3,1.11
04/04/2025,saveiro_2023,12.9,1.07
05/04/2025,saveiro_2023,9.9,0.83
06/04/2025,saveiro_2023,10,0.83
07/04/2025,saveiro_2023,13.3,1.11
08/04/2025,saveiro_2023,12.2,1.02
09/04/2025,saveiro_2023,13,1.08
10/04/2025,saveiro_2023,10.7,0.89
11/04/2025,saveiro_2023,12.9,1.07
12/04/2025,saveiro_2023,11.6,0.97
13/04/2025,saveiro_2023,13.8,1.15
14/04/2025,saveiro_2023,12.3,1.03
15/04/2025,saveiro_2023,10.8,0.9
16/04/2025,saveiro_2023,11.6,0.97
17/04/2025,saveiro_2023,14.2,1.18
18/04/2025,saveiro_2023,9.8,0.82
19/04/2025,saveiro_2023,13.3,1.11
20/04/2025,saveiro_2023,13.5,1.12
21/04/2025,saveiro_2023,12,1
22/04/2025,saveiro_2023,13.1,1.09
23/04/2025,saveiro_2023,14.1,1.18
24/04/2025,saveiro_2023,13.3,1.11
25/04/2025,saveiro_2023,13.2,1.1
26/04/2025,saveiro_2023,14,1.17
27/04/2025,saveiro_2023,10.8,0.9
28/04/2025,saveiro_2023,14,1.17
29/04/2025,saveiro_2023,13.9,1.16
30/04/2025,saveiro_2023,14,1.17
01/05/2025,saveiro_2023,10.6,0.88
02/05/2025,saveiro_2023,13.5,1.12
03/05/2025,saveiro_2023,13,1.08
04/05/2025,saveiro_2023,14.4,1.2
05/05/2025,saveiro_2023,10,0.83
06/05/2025,saveiro_2023,11.4,0.95
07/05/2025,saveiro_2023,10.5,0.88
08/05/2025,saveiro_2023,9.7,0.81
09/05/2025,saveiro_2023,11.5,0.96
10/05/2025,saveiro_2023,13.2,1.1
11/05/2025,saveiro_2023,11.4,0.95
12/05/2025,saveiro_2023,11.6,0.97
13/05/2025,saveiro_2023,11.7,0.97
14/05/2025,saveiro_2023,13.9,1.16
15/05/2025,saveiro_2023,12.4,1.03
16/05/2025,saveiro_2023,12,1
17/05/2025,saveiro_2023,9.6,0.8
18/05/2025,saveiro_2023,13.5,1.12
19/05/2025,saveiro_2023,11,0.92
20/05/2025,saveiro_2023,14.4,1.2
21/05/2025,saveiro_2023,13.9,1.16
22/05/2025,saveiro_2023,10,0.83
23/05/2025,saveiro_2023,10.2,0.85
24/05/2025,saveiro_2023,11.7,0.97
25/05/2025,saveiro_2023,12.7,1.06
26/05/2025,saveiro_2023,10.8,0.9
27/05/2025,saveiro_2023,10,0.83
28/05/2025,saveiro_2023,14,1.17
29/05/2025,saveiro_2023,13.3,1.11
30/05/2025,saveiro_2023,13.7,1.14
31/05/2025,saveiro_2023,9.6,0.8
01/06/2025,saveiro_2023,13.5,1.12
02/06/2025,saveiro_2023,13.7,1.14
03/06/2025,saveiro_2023,14.4,1.2
04/06/2025,saveiro_2023,13.1,1.09
05/06/2025,saveiro_2023,14,1.17
06/06/2025,saveiro_2023,14,1.17
07/06/2025,saveiro_2023,12.2,1.02
08/06/2025,saveiro_2023,12.6,1.05
09/06/2025,saveiro_2023,10.4,0.87
10/06/2025,saveiro_2023,11.5,0.96
11/06/2025,saveiro_2023,11.2,0.93
12/06/2025,saveiro_2023,13.3,1.11
13/06/2025,saveiro_2023,10.6,0.88
14/06/2025,saveiro_2023,13.2,1.1
15/06/2025,saveiro_2023,12.1,1.01
16/06/2025,saveiro_2023,12.2,1.02
17/06/2025,saveiro_2023,10.4,0.87
18/06/2025,saveiro_2023,12.3,1.03
19/06/2025,saveiro_2023,11.2,0.93
20/06/2025,saveiro_2023,9.6,0.8
21/06/2025,saveiro_2023,10.9,0.91
22/06/2025,saveiro_2023,10.6,0.88
23/06/2025,saveiro_2023,12.8,1.07
24/06/2025,saveiro_2023,14.3,1.19
25/06/2025,saveiro_2023,13.9,1.16
26/06/2025,saveiro_2023,14,1.17
27/06/2025,saveiro_2023,12.2,1.02
28/06/2025,saveiro_2023,10.8,0.9
29/06/2025,saveiro_2023,13.1,1.09
30/06/2025,saveiro_2023,12.8,1.07
01/07/2025,saveiro_2023,11.9,0.99
02/07/2025,saveiro_2023,13.9,1.16
03/07/2025,saveiro_2023,12.9,1.07
04/07/2025,saveiro_2023,13.6,1.13
05/07/2025,saveiro_2023,9.8,0.82
06/07/2025,saveiro_2023,13.9,1.16
07/07/2025,saveiro_2023,11,0.92
08/07/2025,saveiro_2023,11.2,0.93
09/07/2025,saveiro_2023,13.7,1.14
10/07/2025,saveiro_2023,13.1,1.09
11/07/2025,saveiro_2023,14.1,1.18
12/07/2025,saveiro_2023,11.7,0.97
13/07/2025,saveiro_2023,9.7,0.81
14/07/2025,saveiro_2023,9.7,0.81
15/07/2025,saveiro_2023,11,0.92
16/07/2025,saveiro_2023,11,0.92
17/07/2025,saveiro_2023,10.2,0.85
18/07/2025,saveiro_2023,12.9,1.07
19/07/2025,saveiro_2023,10.9,0.91
20/07/2025,saveiro_2023,14.2,1.18
21/07/2025,saveiro_2023,10.3,0.86
22/07/2025,saveiro_2023,13.3,1.11
23/07/2025,saveiro_2023,12.9,1.07
24/07/2025,saveiro_2023,12.2,1.02
25/07/2025,saveiro_2023,10.8,0.9
26/07/2025,saveiro_2023,12.2,1.02
27/07/2025,saveiro_2023,13.5,1.12
28/07/2025,saveiro_2023,11.9,0.99
29/07/2025,saveiro_2023,11.8,0.98
30/07/2025,saveiro_2023,13.5,1.12
31/07/2025,saveiro_2023,11.4,0.95
01/08/2025,saveiro_2023,13,1.08
02/08/2025,saveiro_2023,11.4,0.95
03/08/2025,saveiro_2023,13.6,1.13
04/08/2025,saveiro_2023,14.2,1.18
05/08/2025,saveiro_2023,10.3,0.86
06/08/2025,saveiro_2023,14,1.17
07/08/2025,saveiro_2023,10.6,0.88
08/08/2025,saveiro_2023,12.7,1.06
09/08/2025,saveiro_2023,13.7,1.14
10/08/2025,saveiro_2023,14,1.17
11/08/2025,saveiro_2023,12.4,1.03
12/08/2025,saveiro_2023,9.7,0.81
13/08/2025,saveiro_2023,14.1,1.18
14/08/2025,saveiro_2023,11.7,0.97
15/08/2025,saveiro_2023,10.6,0.88
16/08/2025,saveiro_2023,14.4,1.2
17/08/2025,saveiro_2023,10.4,0.87
18/08/2025,saveiro_2023,12.3,1.03
19/08/2025,saveiro_2023,13.2,1.1
20/08/2025,saveiro_2023,10.5,0.88
21/08/2025,saveiro_2023,13.8,1.15
22/08/2025,saveiro_2023,13.3,1.11
23/08/2025,saveiro_2023,13.2,1.1
24/08/2025,saveiro_2023,10.1,0.84
25/08/2025,saveiro_2023,11.9,0.99
26/08/2025,saveiro_2023,12.2,1.02
27/08/2025,saveiro_2023,10.7,0.89
28/08/2025,saveiro_2023,10.2,0.85
29/08/2025,saveiro_2023,10.5,0.88
30/08/2025,saveiro_2023,10.5,0.88
31/08/2025,saveiro_2023,13.9,1.16
01/09/2025,saveiro_2023,10.4,0.87
02/09/2025,saveiro_2023,13.9,1.16
03/09/2025,saveiro_2023,14.3,1.19
04/09/2025,saveiro_2023,12.8,1.07
05/09/2025,saveiro_2023,14.4,1.2
06/09/2025,saveiro_2023,10.1,0.84
07/09/2025,saveiro_2023,14.2,1.18
08/09/2025,saveiro_2023,12.5,1.04
09/09/2025,saveiro_2023,12.1,1.01
10/09/2025,saveiro_2023,11.7,0.97
11/09/2025,saveiro_2023,12.8,1.07
12/09/2025,saveiro_2023,10,0.83
13/09/2025,saveiro_2023,13.9,1.16
14/09/2025,saveiro_2023,10.8,0.9
15/09/2025,saveiro_2023,12.8,1.07
16/09/2025,saveiro_2023,11.4,0.95
17/09/2025,saveiro_2023,14.2,1.18
18/09/2025,saveiro_2023,13.7,1.14
19/09/2025,saveiro_2023,13.5,1.12
20/09/2025,saveiro_2023,11.6,0.97
21/09/2025,saveiro_2023,13.3,1.11
22/09/2025,saveiro_2023,13.1,1.09
23/09/2025,saveiro_2023,13.6,1.13
24/09/2025,saveiro_2023,11.9,0.99
25/09/2025,saveiro_2023,13.6,1.13
26/09/2025,saveiro_2023,11.9,0.99
27/09/2025,saveiro_2023,12.2,1.02
28/09/2025,saveiro_2023,12.6,1.05
29/09/2025,saveiro_2023,11.2,0.93
30/09/2025,saveiro_2023,11.2,0.93
01/10/2025,saveiro_2023,10.8,0.9
02/10/2025,saveiro_2023,14.1,1.18
03/10/2025,saveiro_2023,11.3,0.94
04/10/2025,saveiro_2023,10.9,0.91
05/10/2025,saveiro_2023,10.5,0.88
06/10/2025,saveiro_2023,13.3,1.11
07/10/2025,saveiro_2023,11.2,0.93
08/10/2025,saveiro_2023,10.7,0.89
09/10/2025,saveiro_2023,10.5,0.88
10/10/2025,saveiro_2023,10,0.83
11/10/2025,saveiro_2023,11.5,0.96
12/10/2025,saveiro_2023,13.9,1.16
13/10/2025,saveiro_2023,11.5,0.96
14/10/2025,saveiro_2023,13.8,1.15
15/10/2025,saveiro_2023,13,1.08
16/10/2025,saveiro_2023,9.8,0.82
17/10/2025,saveiro_2023,12.3,1.03
01/04/2025,tornado_2017,15.8,0.99
02/04/2025,tornado_2017,17.4,1.09
03/04/2025,tornado_2017,17.1,1.07
04/04/2025,tornado_2017,13.8,0.86
05/04/2025,tornado_2017,16.4,1.02
06/04/2025,tornado_2017,15.5,0.97
07/04/2025,tornado_2017,17.6,1.1
08/04/2025,tornado_2017,13.2,0.82
09/04/2025,tornado_2017,13.8,0.86
10/04/2025,tornado_2017,13.9,0.87
11/04/2025,tornado_2017,17.1,1.07
12/04/2025,tornado_2017,13.9,0.87
13/04/2025,tornado_2017,18.8,1.18
14/04/2025,tornado_2017,18,1.12
15/04/2025,tornado_2017,18,1.12
16/04/2025,tornado_2017,13,0.81
17/04/2025,tornado_2017,14.3,0.89
18/04/2025,tornado_2017,16.7,1.04
19/04/2025,tornado_2017,13.1,0.82
20/04/2025,tornado_2017,14.7,0.92
21/04/2025,tornado_2017,14,0.88
22/04/2025,tornado_2017,18.1,1.13
23/04/2025,tornado_2017,19.2,1.2
24/04/2025,tornado_2017,14.4,0.9
25/04/2025,tornado_2017,18.8,1.18
26/04/2025,tornado_2017,15.1,0.94
27/04/2025,tornado_2017,18.9,1.18
28/04/2025,tornado_2017,15.2,0.95
29/04/2025,tornado_2017,14.1,0.88
30/04/2025,tornado_2017,14.1,0.88
01/05/2025,tornado_2017,13.5,0.84
02/05/2025,tornado_2017,13.3,0.83
03/05/2025,tornado_2017,14.1,0.88
04/05/2025,tornado_2017,13.1,0.82
05/05/2025,tornado_2017,18.5,1.16
06/05/2025,tornado_2017,14.6,0.91
07/05/2025,tornado_2017,17.1,1.07
08/05/2025,tornado_2017,14.6,0.91
09/05/2025,tornado_2017,13.2,0.82
10/05/2025,tornado_2017,18.7,1.17
11/05/2025,tornado_2017,15.6,0.97
12/05/2025,tornado_2017,17.9,1.12
13/05/2025,tornado_2017,17,1.06
14/05/2025,tornado_2017,15.4,0.96
15/05/2025,tornado_2017,13.9,0.87
16/05/2025,tornado_2017,13,0.81
17/05/2025,tornado_2017,16.9,1.06
18/05/2025,tornado_2017,13.4,0.84
19/05/2025,tornado_2017,13.3,0.83
20/05/2025,tornado_2017,15.5,0.97
21/05/2025,tornado_2017,15.8,0.99
22/05/2025,tornado_2017,14.7,0.92
23/05/2025,tornado_2017,13.5,0.84
24/05/2025,tornado_2017,16.8,1.05
25/05/2025,tornado_2017,14.2,0.89
26/05/2025,tornado_2017,17.7,1.11
27/05/2025,tornado_2017,17.3,1.08
28/05/2025,tornado_2017,15.4,0.96
29/05/2025,tornado_2017,13.4,0.84
30/05/2025,tornado_2017,13.8,0.86
31/05/2025,tornado_2017,16.3,1.02
01/06/2025,tornado_2017,13.1,0.82
02/06/2025,tornado_2017,18.5,1.16
03/06/2025,tornado_2017,18.6,1.16
04/06/2025,tornado_2017,14.1,0.88
05/06/2025,tornado_2017,13.6,0.85
06/06/2025,tornado_2017,15.7,0.98
07/06/2025,tornado_2017,17.7,1.11
08/06/2025,tornado_2017,13.4,0.84
09/06/2025,tornado_2017,13.2,0.82
10/06/2025,tornado_2017,19,1.19
11/06/2025,tornado_2017,13.6,0.85
12/06/2025,tornado_2017,16,1
13/06/2025,tornado_2017,15.4,0.96
14/06/2025,tornado_2017,13.6,0.85
15/06/2025,tornado_2017,15.2,0.95
16/06/2025,tornado_2017,17.3,1.08
17/06/2025,tornado_2017,18.3,1.14
18/06/2025,tornado_2017,15.3,0.96
19/06/2025,tornado_2017,17.4,1.09
20/06/2025,tornado_2017,14.7,0.92
21/06/2025,tornado_2017,15.2,0.95
22/06/2025,tornado_2017,14.4,0.9
23/06/2025,tornado_2017,15.9,0.99
24/06/2025,tornado_2017,16.9,1.06
25/06/2025,tornado_2017,18.1,1.13
26/06/2025,tornado_2017,17.4,1.09
27/06/2025,tornado_2017,13.2,0.82
28/06/2025,tornado_2017,17.1,1.07
29/06/2025,tornado_2017,15.1,0.94
30/06/2025,tornado_2017,13.5,0.84
01/07/2025,tornado_2017,17.4,1.09
02/07/2025,tornado_2017,13.2,0.82
03/07/2025,tornado_2017,15.8,0.99
04/07/2025,tornado_2017,15.2,0.95
05/07/2025,tornado_2017,14.5,0.91
06/07/2025,tornado_2017,15.9,0.99
07/07/2025,tornado_2017,18.4,1.15
08/07/2025,tornado_2017,15.3,0.96
09/07/2025,tornado_2017,16,1
10/07/2025,tornado_2017,18.4,1.15
11/07/2025,tornado_2017,16.5,1.03
12/07/2025,tornado_2017,16.5,1.03
13/07/2025,tornado_2017,16.5,1.03
14/07/2025,tornado_2017,15.3,0.96
15/07/2025,tornado_2017,15.6,0.97
16/07/2025,tornado_2017,13.8,0.86
17/07/2025,tornado_2017,17.2,1.07
18/07/2025,tornado_2017,17.9,1.12
19/07/2025,tornado_2017,16.9,1.06
20/07/2025,tornado_2017,16.2,1.01
21/07/2025,tornado_2017,18.2,1.14
22/07/2025,tornado_2017,12.9,0.81
23/07/2025,tornado_2017,13.7,0.86
24/07/2025,tornado_2017,16.4,1.02
25/07/2025,tornado_2017,16.8,1.05
26/07/2025,tornado_2017,18.3,1.14
27/07/2025,tornado_2017,16.5,1.03
28/07/2025,tornado_2017,13.6,0.85
29/07/2025,tornado_2017,17.3,1.08
30/07/2025,tornado_2017,15.9,0.99
31/07/2025,tornado_2017,14.2,0.89
01/08/2025,tornado_2017,18.6,1.16
02/08/2025,tornado_2017,19.1,1.19
03/08/2025,tornado_2017,18.7,1.17
04/08/2025,tornado_2017,13.6,0.85
05/08/2025,tornado_2017,18.1,1.13
06/08/2025,tornado_2017,16.7,1.04
07/08/2025,tornado_2017,16.6,1.04
08/08/2025,tornado_2017,15.5,0.97
09/08/2025,tornado_2017,12.9,0.81
10/08/2025,tornado_2017,18.2,1.14
11/08/2025,tornado_2017,15.9,0.99
12/08/2025,tornado_2017,15.9,0.99
13/08/2025,tornado_2017,17.2,1.07
14/08/2025,tornado_2017,14.6,0.91
15/08/2025,tornado_2017,13.8,0.86
16/08/2025,tornado_2017,14,0.88
17/08/2025,tornado_2017,18.3,1.14
18/08/2025,tornado_2017,18.4,1.15
19/08/2025,tornado_2017,18.2,1.14
20/08/2025,tornado_2017,13.9,0.87
21/08/2025,tornado_2017,14.2,0.89
22/08/2025,tornado_2017,13.3,0.83
23/08/2025,tornado_2017,18.1,1.13
24/08/2025,tornado_2017,17,1.06
25/08/2025,tornado_2017,13.3,0.83
26/08/2025,tornado_2017,15.8,0.99
27/08/2025,tornado_2017,18.2,1.14
28/08/2025,tornado_2017,17.6,1.1
29/08/2025,tornado_2017,15,0.94
30/08/2025,tornado_2017,16.9,1.06
31/08/2025,tornado_2017,16.7,1.04
01/09/2025,tornado_2017,16.8,1.05
02/09/2025,tornado_2017,15.3,0.96
03/09/2025,tornado_2017,14.1,0.88
04/09/2025,tornado_2017,17.5,1.09
05/09/2025,tornado_2017,17.1,1.07
06/09/2025,tornado_2017,14.8,0.93
07/09/2025,tornado_2017,17.6,1.1
08/09/2025,tornado_2017,15.9,0.99
09/09/2025,tornado_2017,15.1,0.94
10/09/2025,tornado_2017,13.6,0.85
11/09/2025,tornado_2017,14.1,0.88
12/09/2025,tornado_2017,16,1
13/09/2025,tornado_2017,14.9,0.93
14/09/2025,tornado_2017,17.6,1.1
15/09/2025,tornado_2017,16.1,1.01
16/09/2025,tornado_2017,16.4,1.02
17/09/2025,tornado_2017,13.4,0.84
18/09/2025,tornado_2017,14.8,0.93
19/09/2025,tornado_2017,14.3,0.89
20/09/2025,tornado_2017,14.1,0.88
21/09/2025,tornado_2017,12.9,0.81
22/09/2025,tornado_2017,13,0.81
23/09/2025,tornado_2017,17.9,1.12
24/09/2025,tornado_2017,18.2,1.14
25/09/2025,tornado_2017,15,0.94
26/09/2025,tornado_2017,16.5,1.03
27/09/2025,tornado_2017,15,0.94
28/09/2025,tornado_2017,16.8,1.05
29/09/2025,tornado_2017,16.7,1.04
30/09/2025,tornado_2017,12.8,0.8
01/10/2025,tornado_2017,16.5,1.03
02/10/2025,tornado_2017,17.2,1.07
03/10/2025,tornado_2017,16.2,1.01
04/10/2025,tornado_2017,17.5,1.09
05/10/2025,tornado_2017,13.7,0.86
06/10/2025,tornado_2017,13.4,0.84
07/10/2025,tornado_2017,17.3,1.08
08/10/2025,tornado_2017,19.2,1.2
09/10/2025,tornado_2017,18.5,1.16
10/10/2025,tornado_2017,15.7,0.98
11/10/2025,tornado_2017,15.2,0.95
12/10/2025,tornado_2017,13.5,0.84
13/10/2025,tornado_2017,17.4,1.09
14/10/2025,tornado_2017,18.3,1.14
15/10/2025,tornado_2017,18.2,1.14
16/10/2025,tornado_2017,19,1.19
17/10/2025,tornado_2017,16.5,1.03
01/04/2025,nissan_nP300,9.5,0.94
02/04/2025,nissan_nP300,11.7,1.16
03/04/2025,nissan_nP300,11.6,1.15
04/04/2025,nissan_nP300,9.1,0.9
05/04/2025,nissan_nP300,12.1,1.2
06/04/2025,nissan_nP300,10.2,1.01
07/04/2025,nissan_nP300,11.8,1.17
08/04/2025,nissan_nP300,11.1,1.1
09/04/2025,nissan_nP300,11,1.09
10/04/2025,nissan_nP300,10.8,1.07
11/04/2025,nissan_nP300,8.6,0.85
12/04/2025,nissan_nP300,10.3,1.02
13/04/2025,nissan_nP300,8.9,0.88
14/04/2025,nissan_nP300,8.7,0.86
15/04/2025,nissan_nP300,9.3,0.92
16/04/2025,nissan_nP300,9.3,0.92
17/04/2025,nissan_nP300,8.2,0.81
18/04/2025,nissan_nP300,11.9,1.18
19/04/2025,nissan_nP300,11.7,1.16
20/04/2025,nissan_nP300,10,0.99
21/04/2025,nissan_nP300,12,1.19
22/04/2025,nissan_nP300,10.2,1.01
23/04/2025,nissan_nP300,8.8,0.87
24/04/2025,nissan_nP300,8.4,0.83
25/04/2025,nissan_nP300,8.2,0.81
26/04/2025,nissan_nP300,11.3,1.12
27/04/2025,nissan_nP300,10.2,1.01
28/04/2025,nissan_nP300,10.5,1.04
29/04/2025,nissan_nP300,9.5,0.94
30/04/2025,nissan_nP300,9.3,0.92
01/05/2025,nissan_nP300,9.1,0.9
02/05/2025,nissan_nP300,8.8,0.87
03/05/2025,nissan_nP300,12,1.19
04/05/2025,nissan_nP300,12,1.19
05/05/2025,nissan_nP300,9.5,0.94
06/05/2025,nissan_nP300,11.8,1.17
07/05/2025,nissan_nP300,10.4,1.03
08/05/2025,nissan_nP300,11.1,1.1
09/05/2025,nissan_nP300,12.1,1.2
10/05/2025,nissan_nP300,8.1,0.8
11/05/2025,nissan_nP300,8.3,0.82
12/05/2025,nissan_nP300,10.5,1.04
13/05/2025,nissan_nP300,12,1.19
14/05/2025,nissan_nP300,9,0.89
15/05/2025,nissan_nP300,9.4,0.93
16/05/2025,nissan_nP300,10.2,1.01
17/05/2025,nissan_nP300,10.9,1.08
18/05/2025,nissan_nP300,8.6,0.85
19/05/2025,nissan_nP300,8.4,0.83
20/05/2025,nissan_nP300,8.6,0.85
21/05/2025,nissan_nP300,11.4,1.13
22/05/2025,nissan_nP300,9.6,0.95
23/05/2025,nissan_nP300,9.7,0.96
24/05/2025,nissan_nP300,9.5,0.94
25/05/2025,nissan_nP300,12,1.19
26/05/2025,nissan_nP300,9.7,0.96
27/05/2025,nissan_nP300,10.8,1.07
28/05/2025,nissan_nP300,11.8,1.17
29/05/2025,nissan_nP300,10.8,1.07
30/05/2025,nissan_nP300,11.9,1.18
31/05/2025,nissan_nP300,9.5,0.94
01/06/2025,nissan_nP300,9.4,0.93
02/06/2025,nissan_nP300,10.7,1.06
03/06/2025,nissan_nP300,11,1.09
04/06/2025,nissan_nP300,10.8,1.07
05/06/2025,nissan_nP300,10.8,1.07
06/06/2025,nissan_nP300,8.6,0.85
07/06/2025,nissan_nP300,9.5,0.94
08/06/2025,nissan_nP300,9.3,0.92
09/06/2025,nissan_nP300,8.4,0.83
10/06/2025,nissan_nP300,10,0.99
11/06/2025,nissan_nP300,11.4,1.13
12/06/2025,nissan_nP300,11.6,1.15
13/06/2025,nissan_nP300,11.9,1.18
14/06/2025,nissan_nP300,8.9,0.88
15/06/2025,nissan_nP300,11.6,1.15
16/06/2025,nissan_nP300,10,0.99
17/06/2025,nissan_nP300,9.9,0.98
18/06/2025,nissan_nP300,9.8,0.97
19/06/2025,nissan_nP300,9.5,0.94
20/06/2025,nissan_nP300,10.6,1.05
21/06/2025,nissan_nP300,11.1,1.1
22/06/2025,nissan_nP300,8.4,0.83
23/06/2025,nissan_nP300,11.5,1.14
24/06/2025,nissan_nP300,10.1,1
25/06/2025,nissan_nP300,9.3,0.92
26/06/2025,nissan_nP300,10,0.99
27/06/2025,nissan_nP300,8.7,0.86
28/06/2025,nissan_nP300,11.6,1.15
29/06/2025,nissan_nP300,11.8,1.17
30/06/2025,nissan_nP300,8.9,0.88
01/07/2025,nissan_nP300,10.5,1.04
02/07/2025,nissan_nP300,8.8,0.87
03/07/2025,nissan_nP300,9.4,0.93
04/07/2025,nissan_nP300,11.6,1.15
05/07/2025,nissan_nP300,10.2,1.01
06/07/2025,nissan_nP300,11,1.09
07/07/2025,nissan_nP300,8.8,0.87
08/07/2025,nissan_nP300,11,1.09
09/07/2025,nissan_nP300,10.9,1.08
10/07/2025,nissan_nP300,8.9,0.88
11/07/2025,nissan_nP300,10.5,1.04
12/07/2025,nissan_nP300,9.1,0.9
13/07/2025,nissan_nP300,11.5,1.14
14/07/2025,nissan_nP300,11.7,1.16
15/07/2025,nissan_nP300,10.3,1.02
16/07/2025,nissan_nP300,9.6,0.95
17/07/2025,nissan_nP300,9.4,0.93
18/07/2025,nissan_nP300,9.6,0.95
19/07/2025,nissan_nP300,11,1.09
20/07/2025,nissan_nP300,8.6,0.85
21/07/2025,nissan_nP300,9.5,0.94
22/07/2025,nissan_nP300,10.9,1.08
23/07/2025,nissan_nP300,11.6,1.15
24/07/2025,nissan_nP300,10.2,1.01
25/07/2025,nissan_nP300,11.7,1.16
26/07/2025,nissan_nP300,8.9,0.88
27/07/2025,nissan_nP300,9,0.89
28/07/2025,nissan_nP300,9.3,0.92
29/07/2025,nissan_nP300,9.7,0.96
30/07/2025,nissan_nP300,11.2,1.11
31/07/2025,nissan_nP300,10.5,1.04
01/08/2025,nissan_nP300,10.6,1.05
02/08/2025,nissan_nP300,10.3,1.02
03/08/2025,nissan_nP300,12,1.19
04/08/2025,nissan_nP300,11.5,1.14
05/08/2025,nissan_nP300,8.6,0.85
06/08/2025,nissan_nP300,8.4,0.83
07/08/2025,nissan_nP300,11.8,1.17
08/08/2025,nissan_nP300,10.9,1.08
09/08/2025,nissan_nP300,10.1,1
10/08/2025,nissan_nP300,10.5,1.04
11/08/2025,nissan_nP300,11.9,1.18
12/08/2025,nissan_nP300,11.3,1.12
13/08/2025,nissan_nP300,11.7,1.16
14/08/2025,nissan_nP300,9.2,0.91
15/08/2025,nissan_nP300,8.2,0.81
16/08/2025,nissan_nP300,8.1,0.8
17/08/2025,nissan_nP300,8.1,0.8
18/08/2025,nissan_nP300,9,0.89
19/08/2025,nissan_nP300,10.9,1.08
20/08/2025,nissan_nP300,11.8,1.17
21/08/2025,nissan_nP300,10.2,1.01
22/08/2025,nissan_nP300,11.5,1.14
23/08/2025,nissan_nP300,11.3,1.12
24/08/2025,nissan_nP300,8.8,0.87
25/08/2025,nissan_nP300,11.9,1.18
26/08/2025,nissan_nP300,11.2,1.11
27/08/2025,nissan_nP300,11.2,1.11
28/08/2025,nissan_nP300,8.2,0.81
29/08/2025,nissan_nP300,12.1,1.2
30/08/2025,nissan_nP300,9.5,0.94
31/08/2025,nissan_nP300,10.1,1
01/09/2025,nissan_nP300,8.3,0.82
02/09/2025,nissan_nP300,11.6,1.15
03/09/2025,nissan_nP300,12,1.19
04/09/2025,nissan_nP300,9.5,0.94
05/09/2025,nissan_nP300,8.3,0.82
06/09/2025,nissan_nP300,10.4,1.03
07/09/2025,nissan_nP300,10.1,1
08/09/2025,nissan_nP300,11.9,1.18
09/09/2025,nissan_nP300,9.7,0.96
10/09/2025,nissan_nP300,10.1,1
11/09/2025,nissan_nP300,9.8,0.97
12/09/2025,nissan_nP300,8.1,0.8
13/09/2025,nissan_nP300,8.4,0.83
14/09/2025,nissan_nP300,9.8,0.97
15/09/2025,nissan_nP300,10,0.99
16/09/2025,nissan_nP300,10.9,1.08
17/09/2025,nissan_nP300,12,1.19
18/09/2025,nissan_nP300,10.2,1.01
19/09/2025,nissan_nP300,8.5,0.84
20/09/2025,nissan_nP300,11.9,1.18
21/09/2025,nissan_nP300,10.1,1
22/09/2025,nissan_nP300,8.4,0.83
23/09/2025,nissan_nP300,10.5,1.04
24/09/2025,nissan_nP300,10.3,1.02
25/09/2025,nissan_nP300,10.7,1.06
26/09/2025,nissan_nP300,8.9,0.88
27/09/2025,nissan_nP300,9.4,0.93
28/09/2025,nissan_nP300,8.4,0.83
29/09/2025,nissan_nP300,8.2,0.81
30/09/2025,nissan_nP300,9.4,0.93
01/10/2025,nissan_nP300,10.2,1.01
02/10/2025,nissan_nP300,11.4,1.13
03/10/2025,nissan_nP300,8.3,0.82
04/10/2025,nissan_nP300,10.9,1.08
05/10/2025,nissan_nP300,9,0.89
06/10/2025,nissan_nP300,10.2,1.01
07/10/2025,nissan_nP300,11.3,1.12
08/10/2025,nissan_nP300,10.1,1
09/10/2025,nissan_nP300,9.9,0.98
10/10/2025,nissan_nP300,8.2,0.81
11/10/2025,nissan_nP300,10.2,1.01
12/10/2025,nissan_nP300,8.8,0.87
13/10/2025,nissan_nP300,12,1.19
14/10/2025,nissan_nP300,9.2,0.91
15/10/2025,nissan_nP300,9.4,0.93
16/10/2025,nissan_nP300,8.5,0.84
17/10/2025,nissan_nP300,9.9,0.98
01/04/2025,saveiro_2020,13.9,0.94
02/04/2025,saveiro_2020,13.7,0.93
03/04/2025,saveiro_2020,17.1,1.16
04/04/2025,saveiro_2020,13.4,0.91
05/04/2025,saveiro_2020,15.1,1.02
06/04/2025,saveiro_2020,15.9,1.07
07/04/2025,saveiro_2020,16,1.08
08/04/2025,saveiro_2020,12.5,0.84
09/04/2025,saveiro_2020,12.7,0.86
10/04/2025,saveiro_2020,16,1.08
11/04/2025,saveiro_2020,12.8,0.86
12/04/2025,saveiro_2020,17,1.15
13/04/2025,saveiro_2020,15.7,1.06
14/04/2025,saveiro_2020,15.3,1.03
15/04/2025,saveiro_2020,15.8,1.07
16/04/2025,saveiro_2020,15.4,1.04
17/04/2025,saveiro_2020,12,0.81
18/04/2025,saveiro_2020,12.5,0.84
19/04/2025,saveiro_2020,14.1,0.95
20/04/2025,saveiro_2020,12.8,0.86
21/04/2025,saveiro_2020,14.5,0.98
22/04/2025,saveiro_2020,17.1,1.16
23/04/2025,saveiro_2020,16.9,1.14
24/04/2025,saveiro_2020,12.4,0.84
25/04/2025,saveiro_2020,15.8,1.07
26/04/2025,saveiro_2020,17.2,1.16
27/04/2025,saveiro_2020,15.5,1.05
28/04/2025,saveiro_2020,17.7,1.2
29/04/2025,saveiro_2020,15.8,1.07
30/04/2025,saveiro_2020,14,0.95
01/05/2025,saveiro_2020,15.7,1.06
02/05/2025,saveiro_2020,14.1,0.95
03/05/2025,saveiro_2020,15.7,1.06
04/05/2025,saveiro_2020,16.4,1.11
05/05/2025,saveiro_2020,16.6,1.12
06/05/2025,saveiro_2020,15.5,1.05
07/05/2025,saveiro_2020,14.5,0.98
08/05/2025,saveiro_2020,13.2,0.89
09/05/2025,saveiro_2020,13.7,0.93
10/05/2025,saveiro_2020,13.9,0.94
11/05/2025,saveiro_2020,15.5,1.05
12/05/2025,saveiro_2020,17.4,1.18
13/05/2025,saveiro_2020,17.2,1.16
14/05/2025,saveiro_2020,16.2,1.09
15/05/2025,saveiro_2020,16.8,1.14
16/05/2025,saveiro_2020,16.4,1.11
17/05/2025,saveiro_2020,17.3,1.17
18/05/2025,saveiro_2020,12.7,0.86
19/05/2025,saveiro_2020,14.2,0.96
20/05/2025,saveiro_2020,15.7,1.06
21/05/2025,saveiro_2020,15.2,1.03
22/05/2025,saveiro_2020,16.3,1.1
23/05/2025,saveiro_2020,14.9,1.01
24/05/2025,saveiro_2020,13.1,0.89
25/05/2025,saveiro_2020,11.9,0.8
26/05/2025,saveiro_2020,13.4,0.91
27/05/2025,saveiro_2020,13.3,0.9
28/05/2025,saveiro_2020,17.2,1.16
29/05/2025,saveiro_2020,12.3,0.83
30/05/2025,saveiro_2020,17.6,1.19
31/05/2025,saveiro_2020,11.9,0.8
01/06/2025,saveiro_2020,15,1.01
02/06/2025,saveiro_2020,11.9,0.8
03/06/2025,saveiro_2020,17.4,1.18
04/06/2025,saveiro_2020,15.6,1.05
05/06/2025,saveiro_2020,14.9,1.01
06/06/2025,saveiro_2020,16.6,1.12
07/06/2025,saveiro_2020,13.8,0.93
08/06/2025,saveiro_2020,14.9,1.01
09/06/2025,saveiro_2020,17.2,1.16
10/06/2025,saveiro_2020,12.1,0.82
11/06/2025,saveiro_2020,14.8,1
12/06/2025,saveiro_2020,16.3,1.1
13/06/2025,saveiro_2020,13.7,0.93
14/06/2025,saveiro_2020,17.6,1.19
15/06/2025,saveiro_2020,14,0.95
16/06/2025,saveiro_2020,16.9,1.14
17/06/2025,saveiro_2020,15.8,1.07
18/06/2025,saveiro_2020,12,0.81
19/06/2025,saveiro_2020,15.5,1.05
20/06/2025,saveiro_2020,12.6,0.85
21/06/2025,saveiro_2020,13.6,0.92
22/06/2025,saveiro_2020,15.4,1.04
23/06/2025,saveiro_2020,15.5,1.05
24/06/2025,saveiro_2020,14.3,0.97
25/06/2025,saveiro_2020,13.2,0.89
26/06/2025,saveiro_2020,14.6,0.99
27/06/2025,saveiro_2020,17.1,1.16
28/06/2025,saveiro_2020,13.5,0.91
29/06/2025,saveiro_2020,12.3,0.83
30/06/2025,saveiro_2020,13.3,0.9
01/07/2025,saveiro_2020,14.9,1.01
02/07/2025,saveiro_2020,17.4,1.18
03/07/2025,saveiro_2020,16.7,1.13
04/07/2025,saveiro_2020,14,0.95
05/07/2025,saveiro_2020,13.3,0.9
06/07/2025,saveiro_2020,15.8,1.07
07/07/2025,saveiro_2020,15.2,1.03
08/07/2025,saveiro_2020,12.5,0.84
09/07/2025,saveiro_2020,11.9,0.8
10/07/2025,saveiro_2020,12,0.81
11/07/2025,saveiro_2020,15.5,1.05
12/07/2025,saveiro_2020,12.3,0.83
13/07/2025,saveiro_2020,12.2,0.82
14/07/2025,saveiro_2020,12.5,0.84
15/07/2025,saveiro_2020,14,0.95
16/07/2025,saveiro_2020,15.7,1.06
17/07/2025,saveiro_2020,12.2,0.82
18/07/2025,saveiro_2020,14,0.95
19/07/2025,saveiro_2020,14.4,0.97
20/07/2025,saveiro_2020,17.2,1.16
21/07/2025,saveiro_2020,14,0.95
22/07/2025,saveiro_2020,15.4,1.04
23/07/2025,saveiro_2020,12.7,0.86
24/07/2025,saveiro_2020,16,1.08
25/07/2025,saveiro_2020,16.4,1.11
26/07/2025,saveiro_2020,15.1,1.02
27/07/2025,saveiro_2020,16.1,1.09
28/07/2025,saveiro_2020,16.5,1.11
29/07/2025,saveiro_2020,13.3,0.9
30/07/2025,saveiro_2020,15.5,1.05
31/07/2025,saveiro_2020,13.7,0.93
01/08/2025,saveiro_2020,17.3,1.17
02/08/2025,saveiro_2020,12.3,0.83
03/08/2025,saveiro_2020,14.4,0.97
04/08/2025,saveiro_2020,14.7,0.99
05/08/2025,saveiro_2020,16,1.08
06/08/2025,saveiro_2020,14.5,0.98
07/08/2025,saveiro_2020,11.9,0.8
08/08/2025,saveiro_2020,17.6,1.19
09/08/2025,saveiro_2020,15.9,1.07
10/08/2025,saveiro_2020,12.8,0.86
11/08/2025,saveiro_2020,16.2,1.09
12/08/2025,saveiro_2020,15.4,1.04
13/08/2025,saveiro_2020,14.8,1
14/08/2025,saveiro_2020,12.4,0.84
15/08/2025,saveiro_2020,13.5,0.91
16/08/2025,saveiro_2020,12.5,0.84
17/08/2025,saveiro_2020,13,0.88
18/08/2025,saveiro_2020,17.6,1.19
19/08/2025,saveiro_2020,13.7,0.93
20/08/2025,saveiro_2020,14.5,0.98
21/08/2025,saveiro_2020,15.4,1.04
22/08/2025,saveiro_2020,15.9,1.07
23/08/2025,saveiro_2020,17.6,1.19
24/08/2025,saveiro_2020,17,1.15
25/08/2025,saveiro_2020,13.5,0.91
26/08/2025,saveiro_2020,13,0.88
27/08/2025,saveiro_2020,17,1.15
28/08/2025,saveiro_2020,17.5,1.18
29/08/2025,saveiro_2020,16.1,1.09
30/08/2025,saveiro_2020,16.1,1.09
31/08/2025,saveiro_2020,15,1.01
01/09/2025,saveiro_2020,16.2,1.09
02/09/2025,saveiro_2020,15.6,1.05
03/09/2025,saveiro_2020,17.7,1.2
04/09/2025,saveiro_2020,13.8,0.93
05/09/2025,saveiro_2020,12.2,0.82
06/09/2025,saveiro_2020,13.2,0.89
07/09/2025,saveiro_2020,14.8,1
08/09/2025,saveiro_2020,12.9,0.87
09/09/2025,saveiro_2020,15.1,1.02
10/09/2025,saveiro_2020,16.9,1.14
11/09/2025,saveiro_2020,16.4,1.11
12/09/2025,saveiro_2020,15.1,1.02
13/09/2025,saveiro_2020,17.1,1.16
14/09/2025,saveiro_2020,17.3,1.17
15/09/2025,saveiro_2020,14.2,0.96
16/09/2025,saveiro_2020,12.3,0.83
17/09/2025,saveiro_2020,12.8,0.86
18/09/2025,saveiro_2020,12,0.81
19/09/2025,saveiro_2020,12.9,0.87
20/09/2025,saveiro_2020,14.5,0.98
21/09/2025,saveiro_2020,16.4,1.11
22/09/2025,saveiro_2020,15.1,1.02
23/09/2025,saveiro_2020,13.7,0.93
24/09/2025,saveiro_2020,15.8,1.07
25/09/2025,saveiro_2020,12.9,0.87
26/09/2025,saveiro_2020,13.3,0.9
27/09/2025,saveiro_2020,14,0.95
28/09/2025,saveiro_2020,17.2,1.16
29/09/2025,saveiro_2020,14.2,0.96
30/09/2025,saveiro_2020,16.5,1.11
01/10/2025,saveiro_2020,15.6,1.05
02/10/2025,saveiro_2020,15.9,1.07
03/10/2025,saveiro_2020,15.3,1.03
04/10/2025,saveiro_2020,17.6,1.19
05/10/2025,saveiro_2020,13.5,0.91
06/10/2025,saveiro_2020,14.7,0.99
07/10/2025,saveiro_2020,12.7,0.86
08/10/2025,saveiro_2020,17.3,1.17
09/10/2025,saveiro_2020,15.5,1.05
10/10/2025,saveiro_2020,13.3,0.9
11/10/2025,saveiro_2020,16.1,1.09
12/10/2025,saveiro_2020,16.2,1.09
13/10/2025,saveiro_2020,16.1,1.09
14/10/2025,saveiro_2020,14,0.95
15/10/2025,saveiro_2020,11.9,0.8
16/10/2025,saveiro_2020,14,0.95
17/10/2025,saveiro_2020,12.7,0.86
01/04/2025,renault_duster_2020,11.5,1.14
02/04/2025,renault_duster_2020,9.9,0.98
03/04/2025,renault_duster_2020,10.2,1.01
04/04/2025,renault_duster_2020,10,0.99
05/04/2025,renault_duster_2020,9.5,0.94
06/04/2025,renault_duster_2020,10.5,1.04
07/04/2025,renault_duster_2020,10.3,1.02
08/04/2025,renault_duster_2020,11.2,1.11
09/04/2025,renault_duster_2020,12,1.19
10/04/2025,renault_duster_2020,11.4,1.13
11/04/2025,renault_duster_2020,8.2,0.81
12/04/2025,renault_duster_2020,9.3,0.92
13/04/2025,renault_duster_2020,11.3,1.12
14/04/2025,renault_duster_2020,10.5,1.04
15/04/2025,renault_duster_2020,10.4,1.03
16/04/2025,renault_duster_2020,9.7,0.96
17/04/2025,renault_duster_2020,9.9,0.98
18/04/2025,renault_duster_2020,10.7,1.06
19/04/2025,renault_duster_2020,8.8,0.87
20/04/2025,renault_duster_2020,9.9,0.98
21/04/2025,renault_duster_2020,11.1,1.1
22/04/2025,renault_duster_2020,10.4,1.03
23/04/2025,renault_duster_2020,10.4,1.03
24/04/2025,renault_duster_2020,10.3,1.02
25/04/2025,renault_duster_2020,11,1.09
26/04/2025,renault_duster_2020,9,0.89
27/04/2025,renault_duster_2020,10.2,1.01
28/04/2025,renault_duster_2020,9.9,0.98
29/04/2025,renault_duster_2020,9.9,0.98
30/04/2025,renault_duster_2020,8.5,0.84
01/05/2025,renault_duster_2020,10.6,1.05
02/05/2025,renault_duster_2020,10.7,1.06
03/05/2025,renault_duster_2020,11.4,1.13
04/05/2025,renault_duster_2020,11.2,1.11
05/05/2025,renault_duster_2020,10.2,1.01
06/05/2025,renault_duster_2020,10.1,1
07/05/2025,renault_duster_2020,10.7,1.06
08/05/2025,renault_duster_2020,11.7,1.16
09/05/2025,renault_duster_2020,9.7,0.96
10/05/2025,renault_duster_2020,10.5,1.04
11/05/2025,renault_duster_2020,9.6,0.95
12/05/2025,renault_duster_2020,11.7,1.16
13/05/2025,renault_duster_2020,11.1,1.1
14/05/2025,renault_duster_2020,9,0.89
15/05/2025,renault_duster_2020,11.1,1.1
16/05/2025,renault_duster_2020,8.2,0.81
17/05/2025,renault_duster_2020,10.7,1.06
18/05/2025,renault_duster_2020,10.2,1.01
19/05/2025,renault_duster_2020,9.6,0.95
20/05/2025,renault_duster_2020,9.9,0.98
21/05/2025,renault_duster_2020,8.6,0.85
22/05/2025,renault_duster_2020,9.3,0.92
23/05/2025,renault_duster_2020,8.4,0.83
24/05/2025,renault_duster_2020,10.8,1.07
25/05/2025,renault_duster_2020,9.2,0.91
26/05/2025,renault_duster_2020,10.9,1.08
27/05/2025,renault_duster_2020,11.9,1.18
28/05/2025,renault_duster_2020,9.5,0.94
29/05/2025,renault_duster_2020,8.3,0.82
30/05/2025,renault_duster_2020,9.3,0.92
31/05/2025,renault_duster_2020,8.3,0.82
01/06/2025,renault_duster_2020,8.3,0.82
02/06/2025,renault_duster_2020,11.5,1.14
03/06/2025,renault_duster_2020,9.9,0.98
04/06/2025,renault_duster_2020,11.5,1.14
05/06/2025,renault_duster_2020,11.2,1.11
06/06/2025,renault_duster_2020,12,1.19
07/06/2025,renault_duster_2020,9.6,0.95
08/06/2025,renault_duster_2020,9.3,0.92
09/06/2025,renault_duster_2020,8.7,0.86
10/06/2025,renault_duster_2020,11.7,1.16
11/06/2025,renault_duster_2020,11.6,1.15
12/06/2025,renault_duster_2020,11,1.09
13/06/2025,renault_duster_2020,8.4,0.83
14/06/2025,renault_duster_2020,8.3,0.82
15/06/2025,renault_duster_2020,9.1,0.9
16/06/2025,renault_duster_2020,10.6,1.05
17/06/2025,renault_duster_2020,11,1.09
18/06/2025,renault_duster_2020,10.9,1.08
19/06/2025,renault_duster_2020,11.1,1.1
20/06/2025,renault_duster_2020,9.9,0.98
21/06/2025,renault_duster_2020,11.6,1.15
22/06/2025,renault_duster_2020,8.9,0.88
23/06/2025,renault_duster_2020,10.1,1
24/06/2025,renault_duster_2020,9,0.89
25/06/2025,renault_duster_2020,9,0.89
26/06/2025,renault_duster_2020,9.3,0.92
27/06/2025,renault_duster_2020,8.7,0.86
28/06/2025,renault_duster_2020,10.2,1.01
29/06/2025,renault_duster_2020,9.9,0.98
30/06/2025,renault_duster_2020,10.2,1.01
01/07/2025,renault_duster_2020,8.3,0.82
02/07/2025,renault_duster_2020,8.8,0.87
03/07/2025,renault_duster_2020,10.1,1
04/07/2025,renault_duster_2020,9.5,0.94
05/07/2025,renault_duster_2020,12.1,1.2
06/07/2025,renault_duster_2020,11.5,1.14
07/07/2025,renault_duster_2020,8.2,0.81
08/07/2025,renault_duster_2020,10.9,1.08
09/07/2025,renault_duster_2020,9.6,0.95
10/07/2025,renault_duster_2020,8.7,0.86
11/07/2025,renault_duster_2020,10.9,1.08
12/07/2025,renault_duster_2020,11.3,1.12
13/07/2025,renault_duster_2020,9.2,0.91
14/07/2025,renault_duster_2020,10.9,1.08
15/07/2025,renault_duster_2020,10.5,1.04
16/07/2025,renault_duster_2020,11.7,1.16
17/07/2025,renault_duster_2020,11.1,1.1
18/07/2025,renault_duster_2020,11.6,1.15
19/07/2025,renault_duster_2020,11,1.09
20/07/2025,renault_duster_2020,10.3,1.02
21/07/2025,renault_duster_2020,9.7,0.96
22/07/2025,renault_duster_2020,11.2,1.11
23/07/2025,renault_duster_2020,10.8,1.07
24/07/2025,renault_duster_2020,10.7,1.06
25/07/2025,renault_duster_2020,10.3,1.02
26/07/2025,renault_duster_2020,10.6,1.05
27/07/2025,renault_duster_2020,10.4,1.03
28/07/2025,renault_duster_2020,8.1,0.8
29/07/2025,renault_duster_2020,10.1,1
30/07/2025,renault_duster_2020,11.3,1.12
31/07/2025,renault_duster_2020,9.9,0.98
01/08/2025,renault_duster_2020,9.6,0.95
02/08/2025,renault_duster_2020,8.3,0.82
03/08/2025,renault_duster_2020,10.8,1.07
04/08/2025,renault_duster_2020,10.5,1.04
05/08/2025,renault_duster_2020,10.5,1.04
06/08/2025,renault_duster_2020,10.5,1.04
07/08/2025,renault_duster_2020,11.5,1.14
08/08/2025,renault_duster_2020,10.9,1.08
09/08/2025,renault_duster_2020,11.6,1.15
10/08/2025,renault_duster_2020,11.5,1.14
11/08/2025,renault_duster_2020,11.1,1.1
12/08/2025,renault_duster_2020,9.7,0.96
13/08/2025,renault_duster_2020,9.3,0.92
14/08/2025,renault_duster_2020,8.3,0.82
15/08/2025,renault_duster_2020,10.5,1.04
16/08/2025,renault_duster_2020,11.2,1.11
17/08/2025,renault_duster_2020,11.8,1.17
18/08/2025,renault_duster_2020,10.2,1.01
19/08/2025,renault_duster_2020,9.4,0.93
20/08/2025,renault_duster_2020,10.8,1.07
21/08/2025,renault_duster_2020,8.3,0.82
22/08/2025,renault_duster_2020,8.1,0.8
23/08/2025,renault_duster_2020,8.7,0.86
24/08/2025,renault_duster_2020,8.4,0.83
25/08/2025,renault_duster_2020,8.3,0.82
26/08/2025,renault_duster_2020,11.8,1.17
27/08/2025,renault_duster_2020,8.4,0.83
28/08/2025,renault_duster_2020,8.3,0.82
29/08/2025,renault_duster_2020,9.3,0.92
30/08/2025,renault_duster_2020,12,1.19
31/08/2025,renault_duster_2020,8.9,0.88
01/09/2025,renault_duster_2020,9.1,0.9
02/09/2025,renault_duster_2020,11.2,1.11
03/09/2025,renault_duster_2020,11.2,1.11
04/09/2025,renault_duster_2020,9.4,0.93
05/09/2025,renault_duster_2020,10.5,1.04
06/09/2025,renault_duster_2020,9.1,0.9
07/09/2025,renault_duster_2020,9.6,0.95
08/09/2025,renault_duster_2020,11.2,1.11
09/09/2025,renault_duster_2020,8.6,0.85
10/09/2025,renault_duster_2020,10.5,1.04
11/09/2025,renault_duster_2020,10,0.99
12/09/2025,renault_duster_2020,8.5,0.84
13/09/2025,renault_duster_2020,9.6,0.95
14/09/2025,renault_duster_2020,9.6,0.95
15/09/2025,renault_duster_2020,11,1.09
16/09/2025,renault_duster_2020,9.6,0.95
17/09/2025,renault_duster_2020,8.5,0.84
18/09/2025,renault_duster_2020,10,0.99
19/09/2025,renault_duster_2020,11.8,1.17
20/09/2025,renault_duster_2020,8.4,0.83
21/09/2025,renault_duster_2020,8.7,0.86
22/09/2025,renault_duster_2020,9.4,0.93
23/09/2025,renault_duster_2020,11.4,1.13
24/09/2025,renault_duster_2020,11.6,1.15
25/09/2025,renault_duster_2020,9.9,0.98
26/09/2025,renault_duster_2020,10.6,1.05
27/09/2025,renault_duster_2020,10.5,1.04
28/09/2025,renault_duster_2020,9.9,0.98
29/09/2025,renault_duster_2020,10,0.99
30/09/2025,renault_duster_2020,11.2,1.11
01/10/2025,renault_duster_2020,10.9,1.08
02/10/2025,renault_duster_2020,12,1.19
03/10/2025,renault_duster_2020,11.2,1.11
04/10/2025,renault_duster_2020,9.4,0.93
05/10/2025,renault_duster_2020,12.1,1.2
06/10/2025,renault_duster_2020,11.8,1.17
07/10/2025,renault_duster_2020,11.3,1.12
08/10/2025,renault_duster_2020,10,0.99
09/10/2025,renault_duster_2020,11.6,1.15
10/10/2025,renault_duster_2020,8.9,0.88
11/10/2025,renault_duster_2020,9.8,0.97
12/10/2025,renault_duster_2020,8.7,0.86
13/10/2025,renault_duster_2020,8.7,0.86
14/10/2025,renault_duster_2020,10.8,1.07
15/10/2025,renault_duster_2020,9.4,0.93
16/10/2025,renault_duster_2020,10.4,1.03
17/10/2025,renault_duster_2020,8.1,0.8
01/04/2025,np_300_2014,11.4,1.13
02/04/2025,np_300_2014,10.1,1
03/04/2025,np_300_2014,11.5,1.14
04/04/2025,np_300_2014,8.6,0.85
05/04/2025,np_300_2014,9.3,0.92
06/04/2025,np_300_2014,11.2,1.11
07/04/2025,np_300_2014,8.9,0.88
08/04/2025,np_300_2014,11.7,1.16
09/04/2025,np_300_2014,11,1.09
10/04/2025,np_300_2014,10.4,1.03
11/04/2025,np_300_2014,10.7,1.06
12/04/2025,np_300_2014,9.7,0.96
13/04/2025,np_300_2014,9.3,0.92
14/04/2025,np_300_2014,10.7,1.06
15/04/2025,np_300_2014,11.5,1.14
16/04/2025,np_300_2014,9.4,0.93
17/04/2025,np_300_2014,11.3,1.12
18/04/2025,np_300_2014,10,0.99
19/04/2025,np_300_2014,9.9,0.98
20/04/2025,np_300_2014,8.4,0.83
21/04/2025,np_300_2014,8.2,0.81
22/04/2025,np_300_2014,11.1,1.1
23/04/2025,np_300_2014,11.2,1.11
24/04/2025,np_300_2014,10.2,1.01
25/04/2025,np_300_2014,8.5,0.84
26/04/2025,np_300_2014,8.4,0.83
27/04/2025,np_300_2014,9.6,0.95
28/04/2025,np_300_2014,10.5,1.04
29/04/2025,np_300_2014,9.9,0.98
30/04/2025,np_300_2014,8.4,0.83
01/05/2025,np_300_2014,8.9,0.88
02/05/2025,np_300_2014,11.3,1.12
03/05/2025,np_300_2014,12.1,1.2
04/05/2025,np_300_2014,9.8,0.97
05/05/2025,np_300_2014,11.6,1.15
06/05/2025,np_300_2014,11.4,1.13
07/05/2025,np_300_2014,12.1,1.2
08/05/2025,np_300_2014,11.2,1.11
09/05/2025,np_300_2014,10.7,1.06
10/05/2025,np_300_2014,8.6,0.85
11/05/2025,np_300_2014,11.2,1.11
12/05/2025,np_300_2014,10.2,1.01
13/05/2025,np_300_2014,10.4,1.03
14/05/2025,np_300_2014,9.7,0.96
15/05/2025,np_300_2014,11,1.09
16/05/2025,np_300_2014,10.1,1
17/05/2025,np_300_2014,9.7,0.96
18/05/2025,np_300_2014,9.4,0.93
19/05/2025,np_300_2014,11,1.09
20/05/2025,np_300_2014,8.9,0.88
21/05/2025,np_300_2014,9.5,0.94
22/05/2025,np_300_2014,11.7,1.16
23/05/2025,np_300_2014,10.4,1.03
24/05/2025,np_300_2014,10.7,1.06
25/05/2025,np_300_2014,9.3,0.92
26/05/2025,np_300_2014,10.3,1.02
27/05/2025,np_300_2014,10.5,1.04
28/05/2025,np_300_2014,10.2,1.01
29/05/2025,np_300_2014,11.6,1.15
30/05/2025,np_300_2014,9.3,0.92
31/05/2025,np_300_2014,9.2,0.91
01/06/2025,np_300_2014,9.2,0.91
02/06/2025,np_300_2014,9.3,0.92
03/06/2025,np_300_2014,8.5,0.84
04/06/2025,np_300_2014,9,0.89
05/06/2025,np_300_2014,8.1,0.8
06/06/2025,np_300_2014,8.3,0.82
07/06/2025,np_300_2014,11.4,1.13
08/06/2025,np_300_2014,10.8,1.07
09/06/2025,np_300_2014,9.4,0.93
10/06/2025,np_300_2014,8.4,0.83
11/06/2025,np_300_2014,11.6,1.15
12/06/2025,np_300_2014,11.1,1.1
13/06/2025,np_300_2014,8.2,0.81
14/06/2025,np_300_2014,8.6,0.85
15/06/2025,np_300_2014,11.4,1.13
16/06/2025,np_300_2014,11.7,1.16
17/06/2025,np_300_2014,9.5,0.94
18/06/2025,np_300_2014,11.7,1.16
19/06/2025,np_300_2014,8.6,0.85
20/06/2025,np_300_2014,8.4,0.83
21/06/2025,np_300_2014,10.8,1.07
22/06/2025,np_300_2014,8.9,0.88
23/06/2025,np_300_2014,8.1,0.8
24/06/2025,np_300_2014,11.9,1.18
25/06/2025,np_300_2014,10.5,1.04
26/06/2025,np_300_2014,11,1.09
27/06/2025,np_300_2014,9.7,0.96
28/06/2025,np_300_2014,10.1,1
29/06/2025,np_300_2014,9.7,0.96
30/06/2025,np_300_2014,8.9,0.88
01/07/2025,np_300_2014,8.6,0.85
02/07/2025,np_300_2014,11.4,1.13
03/07/2025,np_300_2014,11.2,1.11
04/07/2025,np_300_2014,8.2,0.81
05/07/2025,np_300_2014,11.5,1.14
06/07/2025,np_300_2014,10.4,1.03
07/07/2025,np_300_2014,11.8,1.17
08/07/2025,np_300_2014,11.2,1.11
09/07/2025,np_300_2014,10.7,1.06
10/07/2025,np_300_2014,9.9,0.98
11/07/2025,np_300_2014,10.2,1.01
12/07/2025,np_300_2014,8.4,0.83
13/07/2025,np_300_2014,10.1,1
14/07/2025,np_300_2014,9.6,0.95
15/07/2025,np_300_2014,8.6,0.85
16/07/2025,np_300_2014,11.4,1.13
17/07/2025,np_300_2014,9.4,0.93
18/07/2025,np_300_2014,11.2,1.11
19/07/2025,np_300_2014,10.7,1.06
20/07/2025,np_300_2014,12,1.19
21/07/2025,np_300_2014,11.2,1.11
22/07/2025,np_300_2014,11,1.09
23/07/2025,np_300_2014,10.1,1
24/07/2025,np_300_2014,8.8,0.87
25/07/2025,np_300_2014,9.7,0.96
26/07/2025,np_300_2014,10,0.99
27/07/2025,np_300_2014,8.4,0.83
28/07/2025,np_300_2014,10.7,1.06
29/07/2025,np_300_2014,9.7,0.96
30/07/2025,np_300_2014,10,0.99
31/07/2025,np_300_2014,10.9,1.08
01/08/2025,np_300_2014,8.7,0.86
02/08/2025,np_300_2014,9.3,0.92
03/08/2025,np_300_2014,11.9,1.18
04/08/2025,np_300_2014,9.5,0.94
05/08/2025,np_300_2014,10.6,1.05
06/08/2025,np_300_2014,9.9,0.98
07/08/2025,np_300_2014,9.1,0.9
08/08/2025,np_300_2014,10.8,1.07
09/08/2025,np_300_2014,9.4,0.93
10/08/2025,np_300_2014,11.6,1.15
11/08/2025,np_300_2014,8.5,0.84
12/08/2025,np_300_2014,11.2,1.11
13/08/2025,np_300_2014,12,1.19
14/08/2025,np_300_2014,9.1,0.9
15/08/2025,np_300_2014,8.2,0.81
16/08/2025,np_300_2014,8.7,0.86
17/08/2025,np_300_2014,10,0.99
18/08/2025,np_300_2014,10.4,1.03
19/08/2025,np_300_2014,8.1,0.8
20/08/2025,np_300_2014,9.8,0.97
21/08/2025,np_300_2014,10.2,1.01
22/08/2025,np_300_2014,8.1,0.8
23/08/2025,np_300_2014,8.9,0.88
24/08/2025,np_300_2014,9,0.89
25/08/2025,np_300_2014,9.2,0.91
26/08/2025,np_300_2014,8.9,0.88
27/08/2025,np_300_2014,9.2,0.91
28/08/2025,np_300_2014,11.2,1.11
29/08/2025,np_300_2014,9.7,0.96
30/08/2025,np_300_2014,10,0.99
31/08/2025,np_300_2014,10.2,1.01
01/09/2025,np_300_2014,11.3,1.12
02/09/2025,np_300_2014,8.1,0.8
03/09/2025,np_300_2014,9.1,0.9
04/09/2025,np_300_2014,10.5,1.04
05/09/2025,np_300_2014,9.7,0.96
06/09/2025,np_300_2014,10.6,1.05
07/09/2025,np_300_2014,9.8,0.97
08/09/2025,np_300_2014,8.2,0.81
09/09/2025,np_300_2014,11.3,1.12
10/09/2025,np_300_2014,8.9,0.88
11/09/2025,np_300_2014,10.1,1
12/09/2025,np_300_2014,8.6,0.85
13/09/2025,np_300_2014,10.9,1.08
14/09/2025,np_300_2014,8.7,0.86
15/09/2025,np_300_2014,9.3,0.92
16/09/2025,np_300_2014,9.6,0.95
17/09/2025,np_300_2014,8.4,0.83
18/09/2025,np_300_2014,10,0.99
19/09/2025,np_300_2014,8.5,0.84
20/09/2025,np_300_2014,11.6,1.15
21/09/2025,np_300_2014,9.9,0.98
22/09/2025,np_300_2014,11.3,1.12
23/09/2025,np_300_2014,11.2,1.11
24/09/2025,np_300_2014,8.3,0.82
25/09/2025,np_300_2014,10.2,1.01
26/09/2025,np_300_2014,10.6,1.05
27/09/2025,np_300_2014,8.2,0.81
28/09/2025,np_300_2014,11.6,1.15
29/09/2025,np_300_2014,8.9,0.88
30/09/2025,np_300_2014,10.2,1.01
01/10/2025,np_300_2014,9.8,0.97
02/10/2025,np_300_2014,8.3,0.82
03/10/2025,np_300_2014,8.6,0.85
04/10/2025,np_300_2014,10.4,1.03
05/10/2025,np_300_2014,9,0.89
06/10/2025,np_300_2014,8.8,0.87
07/10/2025,np_300_2014,9.1,0.9
08/10/2025,np_300_2014,10,0.99
09/10/2025,np_300_2014,11.6,1.15
10/10/2025,np_300_2014,11.3,1.12
11/10/2025,np_300_2014,8.8,0.87
12/10/2025,np_300_2014,11.4,1.13
13/10/2025,np_300_2014,9.2,0.91
14/10/2025,np_300_2014,11.5,1.14
15/10/2025,np_300_2014,9.8,0.97
16/10/2025,np_300_2014,11,1.09
17/10/2025,np_300_2014,11,1.09
01/04/2025,saveiro_2016,14.5,1.2
02/04/2025,saveiro_2016,13.7,1.13
03/04/2025,saveiro_2016,11,0.91
04/04/2025,saveiro_2016,13.4,1.11
05/04/2025,saveiro_2016,11.3,0.94
06/04/2025,saveiro_2016,11.4,0.94
07/04/2025,saveiro_2016,11.7,0.97
08/04/2025,saveiro_2016,13.5,1.12
09/04/2025,saveiro_2016,13.7,1.13
10/04/2025,saveiro_2016,10.6,0.88
11/04/2025,saveiro_2016,12.3,1.02
12/04/2025,saveiro_2016,9.7,0.8
13/04/2025,saveiro_2016,12.1,1
14/04/2025,saveiro_2016,10,0.83
15/04/2025,saveiro_2016,13.4,1.11
16/04/2025,saveiro_2016,11.1,0.92
17/04/2025,saveiro_2016,10.6,0.88
18/04/2025,saveiro_2016,13,1.08
19/04/2025,saveiro_2016,11.5,0.95
20/04/2025,saveiro_2016,12.8,1.06
21/04/2025,saveiro_2016,11.8,0.98
22/04/2025,saveiro_2016,10.9,0.9
23/04/2025,saveiro_2016,14.4,1.19
24/04/2025,saveiro_2016,10,0.83
25/04/2025,saveiro_2016,12.8,1.06
26/04/2025,saveiro_2016,10,0.83
27/04/2025,saveiro_2016,13.4,1.11
28/04/2025,saveiro_2016,11.9,0.99
29/04/2025,saveiro_2016,14,1.16
30/04/2025,saveiro_2016,13.9,1.15
01/05/2025,saveiro_2016,13.2,1.09
02/05/2025,saveiro_2016,10.9,0.9
03/05/2025,saveiro_2016,13.4,1.11
04/05/2025,saveiro_2016,11,0.91
05/05/2025,saveiro_2016,10.7,0.89
06/05/2025,saveiro_2016,11.7,0.97
07/05/2025,saveiro_2016,13.1,1.08
08/05/2025,saveiro_2016,14.2,1.18
09/05/2025,saveiro_2016,14.4,1.19
10/05/2025,saveiro_2016,12.3,1.02
11/05/2025,saveiro_2016,12,0.99
12/05/2025,saveiro_2016,14.1,1.17
13/05/2025,saveiro_2016,10.3,0.85
14/05/2025,saveiro_2016,12,0.99
15/05/2025,saveiro_2016,12.3,1.02
16/05/2025,saveiro_2016,11.8,0.98
17/05/2025,saveiro_2016,14.1,1.17
18/05/2025,saveiro_2016,14,1.16
19/05/2025,saveiro_2016,13.6,1.13
20/05/2025,saveiro_2016,10.1,0.84
21/05/2025,saveiro_2016,13,1.08
22/05/2025,saveiro_2016,11,0.91
23/05/2025,saveiro_2016,11.4,0.94
24/05/2025,saveiro_2016,10,0.83
25/05/2025,saveiro_2016,12.2,1.01
26/05/2025,saveiro_2016,13.2,1.09
27/05/2025,saveiro_2016,13.4,1.11
28/05/2025,saveiro_2016,11.5,0.95
29/05/2025,saveiro_2016,13.5,1.12
30/05/2025,saveiro_2016,10.9,0.9
31/05/2025,saveiro_2016,11.3,0.94
01/06/2025,saveiro_2016,11.6,0.96
02/06/2025,saveiro_2016,13.8,1.14
03/06/2025,saveiro_2016,11.3,0.94
04/06/2025,saveiro_2016,11,0.91
05/06/2025,saveiro_2016,12.9,1.07
06/06/2025,saveiro_2016,14.3,1.18
07/06/2025,saveiro_2016,10.7,0.89
08/06/2025,saveiro_2016,13.4,1.11
09/06/2025,saveiro_2016,13.2,1.09
10/06/2025,saveiro_2016,10.1,0.84
11/06/2025,saveiro_2016,10.6,0.88
12/06/2025,saveiro_2016,12.9,1.07
13/06/2025,saveiro_2016,11.2,0.93
14/06/2025,saveiro_2016,10.4,0.86
15/06/2025,saveiro_2016,12.5,1.03
16/06/2025,saveiro_2016,11.9,0.99
17/06/2025,saveiro_2016,10.4,0.86
18/06/2025,saveiro_2016,13.6,1.13
19/06/2025,saveiro_2016,9.8,0.81
20/06/2025,saveiro_2016,13.1,1.08
21/06/2025,saveiro_2016,11,0.91
22/06/2025,saveiro_2016,9.9,0.82
23/06/2025,saveiro_2016,11.7,0.97
24/06/2025,saveiro_2016,13.8,1.14
25/06/2025,saveiro_2016,14.5,1.2
26/06/2025,saveiro_2016,10.7,0.89
27/06/2025,saveiro_2016,12.9,1.07
28/06/2025,saveiro_2016,13.9,1.15
29/06/2025,saveiro_2016,13.7,1.13
30/06/2025,saveiro_2016,11.4,0.94
01/07/2025,saveiro_2016,11.8,0.98
02/07/2025,saveiro_2016,14.2,1.18
03/07/2025,saveiro_2016,13.8,1.14
04/07/2025,saveiro_2016,11.9,0.99
05/07/2025,saveiro_2016,10.5,0.87
06/07/2025,saveiro_2016,13.7,1.13
07/07/2025,saveiro_2016,11.4,0.94
08/07/2025,saveiro_2016,12.3,1.02
09/07/2025,saveiro_2016,10,0.83
10/07/2025,saveiro_2016,11,0.91
11/07/2025,saveiro_2016,11.8,0.98
12/07/2025,saveiro_2016,11.7,0.97
13/07/2025,saveiro_2016,10.8,0.89
14/07/2025,saveiro_2016,12.3,1.02
15/07/2025,saveiro_2016,14.2,1.18
16/07/2025,saveiro_2016,12.1,1
17/07/2025,saveiro_2016,11.3,0.94
18/07/2025,saveiro_2016,9.8,0.81
19/07/2025,saveiro_2016,10.9,0.9
20/07/2025,saveiro_2016,13.6,1.13
21/07/2025,saveiro_2016,12.9,1.07
22/07/2025,saveiro_2016,10,0.83
23/07/2025,saveiro_2016,11.7,0.97
24/07/2025,saveiro_2016,13,1.08
25/07/2025,saveiro_2016,13,1.08
26/07/2025,saveiro_2016,12.6,1.04
27/07/2025,saveiro_2016,11.2,0.93
28/07/2025,saveiro_2016,13,1.08
29/07/2025,saveiro_2016,13.7,1.13
30/07/2025,saveiro_2016,10.3,0.85
31/07/2025,saveiro_2016,10.9,0.9
01/08/2025,saveiro_2016,13.6,1.13
02/08/2025,saveiro_2016,13,1.08
03/08/2025,saveiro_2016,14.2,1.18
04/08/2025,saveiro_2016,11.7,0.97
05/08/2025,saveiro_2016,12.2,1.01
06/08/2025,saveiro_2016,10.3,0.85
07/08/2025,saveiro_2016,14.5,1.2
08/08/2025,saveiro_2016,12.2,1.01
09/08/2025,saveiro_2016,11,0.91
10/08/2025,saveiro_2016,12.6,1.04
11/08/2025,saveiro_2016,13,1.08
12/08/2025,saveiro_2016,12.4,1.03
13/08/2025,saveiro_2016,11.3,0.94
14/08/2025,saveiro_2016,13,1.08
15/08/2025,saveiro_2016,13.3,1.1
16/08/2025,saveiro_2016,12.4,1.03
17/08/2025,saveiro_2016,10.2,0.84
18/08/2025,saveiro_2016,11,0.91
19/08/2025,saveiro_2016,12.7,1.05
20/08/2025,saveiro_2016,14.3,1.18
21/08/2025,saveiro_2016,10.2,0.84
22/08/2025,saveiro_2016,14.2,1.18
23/08/2025,saveiro_2016,12.5,1.03
24/08/2025,saveiro_2016,11.1,0.92
25/08/2025,saveiro_2016,12.3,1.02
26/08/2025,saveiro_2016,11.4,0.94
27/08/2025,saveiro_2016,11.1,0.92
28/08/2025,saveiro_2016,13.3,1.1
29/08/2025,saveiro_2016,13.6,1.13
30/08/2025,saveiro_2016,13.3,1.1
31/08/2025,saveiro_2016,11.3,0.94
01/09/2025,saveiro_2016,9.8,0.81
02/09/2025,saveiro_2016,11.9,0.99
03/09/2025,saveiro_2016,13.3,1.1
04/09/2025,saveiro_2016,11.3,0.94
05/09/2025,saveiro_2016,11.1,0.92
06/09/2025,saveiro_2016,10,0.83
07/09/2025,saveiro_2016,13.2,1.09
08/09/2025,saveiro_2016,10.5,0.87
09/09/2025,saveiro_2016,12.3,1.02
10/09/2025,saveiro_2016,13.3,1.1
11/09/2025,saveiro_2016,12.8,1.06
12/09/2025,saveiro_2016,10.9,0.9
13/09/2025,saveiro_2016,11,0.91
14/09/2025,saveiro_2016,10.8,0.89
15/09/2025,saveiro_2016,12.5,1.03
16/09/2025,saveiro_2016,12.7,1.05
17/09/2025,saveiro_2016,12,0.99
18/09/2025,saveiro_2016,11.8,0.98
19/09/2025,saveiro_2016,9.9,0.82
20/09/2025,saveiro_2016,14,1.16
21/09/2025,saveiro_2016,14.5,1.2
22/09/2025,saveiro_2016,11,0.91
23/09/2025,saveiro_2016,10.8,0.89
24/09/2025,saveiro_2016,13.3,1.1
25/09/2025,saveiro_2016,10,0.83
26/09/2025,saveiro_2016,11.9,0.99
27/09/2025,saveiro_2016,12.8,1.06
28/09/2025,saveiro_2016,11.3,0.94
29/09/2025,saveiro_2016,13.8,1.14
30/09/2025,saveiro_2016,10.5,0.87
01/10/2025,saveiro_2016,9.9,0.82
02/10/2025,saveiro_2016,11.5,0.95
03/10/2025,saveiro_2016,11.3,0.94
04/10/2025,saveiro_2016,12.9,1.07
05/10/2025,saveiro_2016,11.7,0.97
06/10/2025,saveiro_2016,11.4,0.94
07/10/2025,saveiro_2016,12.9,1.07
08/10/2025,saveiro_2016,11.9,0.99
09/10/2025,saveiro_2016,11.6,0.96
10/10/2025,saveiro_2016,13.7,1.13
11/10/2025,saveiro_2016,11.6,0.96
12/10/2025,saveiro_2016,10.9,0.9
13/10/2025,saveiro_2016,11.9,0.99
14/10/2025,saveiro_2016,12.1,1
15/10/2025,saveiro_2016,10.1,0.84
16/10/2025,saveiro_2016,10.2,0.84
17/10/2025,saveiro_2016,14.3,1.18
01/04/2025,saveiro_2022,18.9,1.11
02/04/2025,saveiro_2022,14.1,0.83
03/04/2025,saveiro_2022,15.8,0.93
04/04/2025,saveiro_2022,19.6,1.15
05/04/2025,saveiro_2022,14.2,0.84
06/04/2025,saveiro_2022,15.7,0.92
07/04/2025,saveiro_2022,17.3,1.02
08/04/2025,saveiro_2022,19.9,1.17
09/04/2025,saveiro_2022,17.2,1.01
10/04/2025,saveiro_2022,19.7,1.16
11/04/2025,saveiro_2022,14.2,0.84
12/04/2025,saveiro_2022,19.3,1.14
13/04/2025,saveiro_2022,15.1,0.89
14/04/2025,saveiro_2022,14,0.82
15/04/2025,saveiro_2022,15.4,0.91
16/04/2025,saveiro_2022,20.1,1.18
17/04/2025,saveiro_2022,14.8,0.87
18/04/2025,saveiro_2022,17,1
19/04/2025,saveiro_2022,16.9,0.99
20/04/2025,saveiro_2022,20,1.18
21/04/2025,saveiro_2022,15.5,0.91
22/04/2025,saveiro_2022,17.7,1.04
23/04/2025,saveiro_2022,17.3,1.02
24/04/2025,saveiro_2022,18.8,1.11
25/04/2025,saveiro_2022,18.7,1.1
26/04/2025,saveiro_2022,16.9,0.99
27/04/2025,saveiro_2022,17.9,1.05
28/04/2025,saveiro_2022,16.9,0.99
29/04/2025,saveiro_2022,16.2,0.95
30/04/2025,saveiro_2022,17.1,1.01
01/05/2025,saveiro_2022,17.2,1.01
02/05/2025,saveiro_2022,14.8,0.87
03/05/2025,saveiro_2022,19,1.12
04/05/2025,saveiro_2022,13.7,0.81
05/05/2025,saveiro_2022,19.9,1.17
06/05/2025,saveiro_2022,15.1,0.89
07/05/2025,saveiro_2022,18.9,1.11
08/05/2025,saveiro_2022,14.3,0.84
09/05/2025,saveiro_2022,19.9,1.17
10/05/2025,saveiro_2022,13.7,0.81
11/05/2025,saveiro_2022,14.8,0.87
12/05/2025,saveiro_2022,18.5,1.09
13/05/2025,saveiro_2022,18.7,1.1
14/05/2025,saveiro_2022,20.1,1.18
15/05/2025,saveiro_2022,17.3,1.02
16/05/2025,saveiro_2022,19.1,1.12
17/05/2025,saveiro_2022,14.3,0.84
18/05/2025,saveiro_2022,17.8,1.05
19/05/2025,saveiro_2022,19.8,1.16
20/05/2025,saveiro_2022,14.1,0.83
21/05/2025,saveiro_2022,15.9,0.94
22/05/2025,saveiro_2022,15,0.88
23/05/2025,saveiro_2022,14.7,0.86
24/05/2025,saveiro_2022,16.2,0.95
25/05/2025,saveiro_2022,15.6,0.92
26/05/2025,saveiro_2022,19.6,1.15
27/05/2025,saveiro_2022,20.2,1.19
28/05/2025,saveiro_2022,13.6,0.8
29/05/2025,saveiro_2022,14.5,0.85
30/05/2025,saveiro_2022,18.8,1.11
31/05/2025,saveiro_2022,18.9,1.11
01/06/2025,saveiro_2022,18.7,1.1
02/06/2025,saveiro_2022,16.2,0.95
03/06/2025,saveiro_2022,18.4,1.08
04/06/2025,saveiro_2022,19.5,1.15
05/06/2025,saveiro_2022,16,0.94
06/06/2025,saveiro_2022,16.6,0.98
07/06/2025,saveiro_2022,17.9,1.05
08/06/2025,saveiro_2022,17.2,1.01
09/06/2025,saveiro_2022,17.7,1.04
10/06/2025,saveiro_2022,17,1
11/06/2025,saveiro_2022,14.3,0.84
12/06/2025,saveiro_2022,18.7,1.1
13/06/2025,saveiro_2022,14.7,0.86
14/06/2025,saveiro_2022,19.4,1.14
15/06/2025,saveiro_2022,17.9,1.05
16/06/2025,saveiro_2022,13.7,0.81
17/06/2025,saveiro_2022,20.2,1.19
18/06/2025,saveiro_2022,19.1,1.12
19/06/2025,saveiro_2022,13.8,0.81
20/06/2025,saveiro_2022,18.8,1.11
21/06/2025,saveiro_2022,16.6,0.98
22/06/2025,saveiro_2022,14.6,0.86
23/06/2025,saveiro_2022,17.5,1.03
24/06/2025,saveiro_2022,14.1,0.83
25/06/2025,saveiro_2022,16.9,0.99
26/06/2025,saveiro_2022,18.6,1.09
27/06/2025,saveiro_2022,16.5,0.97
28/06/2025,saveiro_2022,18,1.06
29/06/2025,saveiro_2022,18.4,1.08
30/06/2025,saveiro_2022,19.5,1.15
01/07/2025,saveiro_2022,20.2,1.19
02/07/2025,saveiro_2022,15.2,0.89
03/07/2025,saveiro_2022,17.9,1.05
04/07/2025,saveiro_2022,19.7,1.16
05/07/2025,saveiro_2022,17.6,1.04
06/07/2025,saveiro_2022,19.3,1.14
07/07/2025,saveiro_2022,19.3,1.14
08/07/2025,saveiro_2022,19.8,1.16
09/07/2025,saveiro_2022,19.9,1.17
10/07/2025,saveiro_2022,16.5,0.97
11/07/2025,saveiro_2022,15.6,0.92
12/07/2025,saveiro_2022,19.7,1.16
13/07/2025,saveiro_2022,18,1.06
14/07/2025,saveiro_2022,18.3,1.08
15/07/2025,saveiro_2022,13.6,0.8
16/07/2025,saveiro_2022,15.3,0.9
17/07/2025,saveiro_2022,17.8,1.05
18/07/2025,saveiro_2022,13.7,0.81
19/07/2025,saveiro_2022,17.1,1.01
20/07/2025,saveiro_2022,17.1,1.01
21/07/2025,saveiro_2022,15.7,0.92
22/07/2025,saveiro_2022,19.4,1.14
23/07/2025,saveiro_2022,15.7,0.92
24/07/2025,saveiro_2022,15.4,0.91
25/07/2025,saveiro_2022,20.3,1.19
26/07/2025,saveiro_2022,19.8,1.16
27/07/2025,saveiro_2022,20.2,1.19
28/07/2025,saveiro_2022,15.9,0.94
29/07/2025,saveiro_2022,16.9,0.99
30/07/2025,saveiro_2022,18.6,1.09
31/07/2025,saveiro_2022,18.4,1.08
01/08/2025,saveiro_2022,14.1,0.83
02/08/2025,saveiro_2022,20,1.18
03/08/2025,saveiro_2022,14.3,0.84
04/08/2025,saveiro_2022,16.4,0.96
05/08/2025,saveiro_2022,13.8,0.81
06/08/2025,saveiro_2022,16.1,0.95
07/08/2025,saveiro_2022,13.7,0.81
08/08/2025,saveiro_2022,14.4,0.85
09/08/2025,saveiro_2022,17.5,1.03
10/08/2025,saveiro_2022,14.2,0.84
11/08/2025,saveiro_2022,18.6,1.09
12/08/2025,saveiro_2022,15.2,0.89
13/08/2025,saveiro_2022,15,0.88
14/08/2025,saveiro_2022,20.3,1.19
15/08/2025,saveiro_2022,15.7,0.92
16/08/2025,saveiro_2022,14.5,0.85
17/08/2025,saveiro_2022,18.3,1.08
18/08/2025,saveiro_2022,13.8,0.81
19/08/2025,saveiro_2022,17,1
20/08/2025,saveiro_2022,18.4,1.08
21/08/2025,saveiro_2022,17,1
22/08/2025,saveiro_2022,19.6,1.15
23/08/2025,saveiro_2022,16.5,0.97
24/08/2025,saveiro_2022,19.1,1.12
25/08/2025,saveiro_2022,20.4,1.2
26/08/2025,saveiro_2022,18,1.06
27/08/2025,saveiro_2022,14.7,0.86
28/08/2025,saveiro_2022,16.2,0.95
29/08/2025,saveiro_2022,20.1,1.18
30/08/2025,saveiro_2022,16.1,0.95
31/08/2025,saveiro_2022,17.6,1.04
01/09/2025,saveiro_2022,17.5,1.03
02/09/2025,saveiro_2022,14.6,0.86
03/09/2025,saveiro_2022,13.7,0.81
04/09/2025,saveiro_2022,13.7,0.81
05/09/2025,saveiro_2022,18.7,1.1
06/09/2025,saveiro_2022,19.9,1.17
07/09/2025,saveiro_2022,17.1,1.01
08/09/2025,saveiro_2022,14.6,0.86
09/09/2025,saveiro_2022,15.6,0.92
10/09/2025,saveiro_2022,17.5,1.03
11/09/2025,saveiro_2022,17.3,1.02
12/09/2025,saveiro_2022,14.1,0.83
13/09/2025,saveiro_2022,18.6,1.09
14/09/2025,saveiro_2022,19.5,1.15
15/09/2025,saveiro_2022,18.2,1.07
16/09/2025,saveiro_2022,20.3,1.19
17/09/2025,saveiro_2022,19.3,1.14
18/09/2025,saveiro_2022,19.8,1.16
19/09/2025,saveiro_2022,16.8,0.99
20/09/2025,saveiro_2022,14.2,0.84
21/09/2025,saveiro_2022,17.9,1.05
22/09/2025,saveiro_2022,17.1,1.01
23/09/2025,saveiro_2022,15.7,0.92
24/09/2025,saveiro_2022,15.9,0.94
25/09/2025,saveiro_2022,17.6,1.04
26/09/2025,saveiro_2022,18.5,1.09
27/09/2025,saveiro_2022,14.1,0.83
28/09/2025,saveiro_2022,18.8,1.11
29/09/2025,saveiro_2022,20,1.18
30/09/2025,saveiro_2022,14.9,0.88
01/10/2025,saveiro_2022,14.9,0.88
02/10/2025,saveiro_2022,16.7,0.98
03/10/2025,saveiro_2022,17.3,1.02
04/10/2025,saveiro_2022,20.1,1.18
05/10/2025,saveiro_2022,20.1,1.18
06/10/2025,saveiro_2022,19.9,1.17
07/10/2025,saveiro_2022,14,0.82
08/10/2025,saveiro_2022,16.4,0.96
09/10/2025,saveiro_2022,16.9,0.99
10/10/2025,saveiro_2022,13.9,0.82
11/10/2025,saveiro_2022,18.8,1.11
12/10/2025,saveiro_2022,20,1.18
13/10/2025,saveiro_2022,17.9,1.05
14/10/2025,saveiro_2022,17.7,1.04
15/10/2025,saveiro_2022,17.9,1.05
16/10/2025,saveiro_2022,17.5,1.03
17/10/2025,saveiro_2022,16.9,0.99
01/04/2025,saveiro_2018,10.7,0.95
02/04/2025,saveiro_2018,12,1.06
03/04/2025,saveiro_2018,9.7,0.86
04/04/2025,saveiro_2018,12.3,1.09
05/04/2025,saveiro_2018,11,0.97
06/04/2025,saveiro_2018,9.9,0.88
07/04/2025,saveiro_2018,9.5,0.84
08/04/2025,saveiro_2018,12.3,1.09
09/04/2025,saveiro_2018,10.3,0.91
10/04/2025,saveiro_2018,9.3,0.82
11/04/2025,saveiro_2018,9.3,0.82
12/04/2025,saveiro_2018,9.3,0.82
13/04/2025,saveiro_2018,11.8,1.04
14/04/2025,saveiro_2018,11,0.97
15/04/2025,saveiro_2018,12.3,1.09
16/04/2025,saveiro_2018,9.5,0.84
17/04/2025,saveiro_2018,12.2,1.08
18/04/2025,saveiro_2018,9.1,0.81
19/04/2025,saveiro_2018,13.4,1.19
20/04/2025,saveiro_2018,11.9,1.05
21/04/2025,saveiro_2018,10.7,0.95
22/04/2025,saveiro_2018,11.6,1.03
23/04/2025,saveiro_2018,9.6,0.85
24/04/2025,saveiro_2018,11.2,0.99
25/04/2025,saveiro_2018,10,0.88
26/04/2025,saveiro_2018,10.9,0.96
27/04/2025,saveiro_2018,12.4,1.1
28/04/2025,saveiro_2018,9.7,0.86
29/04/2025,saveiro_2018,10.1,0.89
30/04/2025,saveiro_2018,11.4,1.01
01/05/2025,saveiro_2018,9.9,0.88
02/05/2025,saveiro_2018,10.4,0.92
03/05/2025,saveiro_2018,11.9,1.05
04/05/2025,saveiro_2018,10.3,0.91
05/05/2025,saveiro_2018,11.9,1.05
06/05/2025,saveiro_2018,13,1.15
07/05/2025,saveiro_2018,10.6,0.94
08/05/2025,saveiro_2018,10.3,0.91
09/05/2025,saveiro_2018,13.3,1.18
10/05/2025,saveiro_2018,12.2,1.08
11/05/2025,saveiro_2018,11.6,1.03
12/05/2025,saveiro_2018,11.8,1.04
13/05/2025,saveiro_2018,13.5,1.19
14/05/2025,saveiro_2018,11.8,1.04
15/05/2025,saveiro_2018,9.5,0.84
16/05/2025,saveiro_2018,10.5,0.93
17/05/2025,saveiro_2018,11.3,1
18/05/2025,saveiro_2018,12.6,1.12
19/05/2025,saveiro_2018,9.1,0.81
20/05/2025,saveiro_2018,13.4,1.19
21/05/2025,saveiro_2018,9.5,0.84
22/05/2025,saveiro_2018,9.2,0.81
23/05/2025,saveiro_2018,13.2,1.17
24/05/2025,saveiro_2018,11.7,1.04
25/05/2025,saveiro_2018,11.4,1.01
26/05/2025,saveiro_2018,11.1,0.98
27/05/2025,saveiro_2018,12.5,1.11
28/05/2025,saveiro_2018,11.4,1.01
29/05/2025,saveiro_2018,11.5,1.02
30/05/2025,saveiro_2018,12,1.06
31/05/2025,saveiro_2018,11.4,1.01
01/06/2025,saveiro_2018,12.9,1.14
02/06/2025,saveiro_2018,12.1,1.07
03/06/2025,saveiro_2018,12.4,1.1
04/06/2025,saveiro_2018,9.4,0.83
05/06/2025,saveiro_2018,11.3,1
06/06/2025,saveiro_2018,9.6,0.85
07/06/2025,saveiro_2018,12.6,1.12
08/06/2025,saveiro_2018,10.8,0.96
09/06/2025,saveiro_2018,10.6,0.94
10/06/2025,saveiro_2018,9.1,0.81
11/06/2025,saveiro_2018,12.1,1.07
12/06/2025,saveiro_2018,12.7,1.12
13/06/2025,saveiro_2018,9.3,0.82
14/06/2025,saveiro_2018,13.3,1.18
15/06/2025,saveiro_2018,9.6,0.85
16/06/2025,saveiro_2018,12.4,1.1
17/06/2025,saveiro_2018,9.3,0.82
18/06/2025,saveiro_2018,9.4,0.83
19/06/2025,saveiro_2018,9.6,0.85
20/06/2025,saveiro_2018,9.3,0.82
21/06/2025,saveiro_2018,11.8,1.04
22/06/2025,saveiro_2018,11.9,1.05
23/06/2025,saveiro_2018,11.7,1.04
24/06/2025,saveiro_2018,10.7,0.95
25/06/2025,saveiro_2018,9.1,0.81
26/06/2025,saveiro_2018,10.7,0.95
27/06/2025,saveiro_2018,11.9,1.05
28/06/2025,saveiro_2018,13.2,1.17
29/06/2025,saveiro_2018,11.4,1.01
30/06/2025,saveiro_2018,11,0.97
01/07/2025,saveiro_2018,10.4,0.92
02/07/2025,saveiro_2018,10.5,0.93
03/07/2025,saveiro_2018,9.9,0.88
04/07/2025,saveiro_2018,11.8,1.04
05/07/2025,saveiro_2018,9.9,0.88
06/07/2025,saveiro_2018,11.3,1
07/07/2025,saveiro_2018,12.8,1.13
08/07/2025,saveiro_2018,12.2,1.08
09/07/2025,saveiro_2018,10.7,0.95
10/07/2025,saveiro_2018,12.4,1.1
11/07/2025,saveiro_2018,11.5,1.02
12/07/2025,saveiro_2018,13.3,1.18
13/07/2025,saveiro_2018,12.8,1.13
14/07/2025,saveiro_2018,9.5,0.84
15/07/2025,saveiro_2018,10.5,0.93
16/07/2025,saveiro_2018,11.3,1
17/07/2025,saveiro_2018,12.8,1.13
18/07/2025,saveiro_2018,11.6,1.03
19/07/2025,saveiro_2018,11.6,1.03
20/07/2025,saveiro_2018,10.8,0.96
21/07/2025,saveiro_2018,9.9,0.88
22/07/2025,saveiro_2018,13.1,1.16
23/07/2025,saveiro_2018,10,0.88
24/07/2025,saveiro_2018,13,1.15
25/07/2025,saveiro_2018,12.6,1.12
26/07/2025,saveiro_2018,11.6,1.03
27/07/2025,saveiro_2018,9.5,0.84
28/07/2025,saveiro_2018,10.3,0.91
29/07/2025,saveiro_2018,9.2,0.81
30/07/2025,saveiro_2018,10.9,0.96
31/07/2025,saveiro_2018,12,1.06
01/08/2025,saveiro_2018,11.8,1.04
02/08/2025,saveiro_2018,9.1,0.81
03/08/2025,saveiro_2018,10.6,0.94
04/08/2025,saveiro_2018,9.4,0.83
05/08/2025,saveiro_2018,13.5,1.19
06/08/2025,saveiro_2018,12.6,1.12
07/08/2025,saveiro_2018,10,0.88
08/08/2025,saveiro_2018,12.6,1.12
09/08/2025,saveiro_2018,11.8,1.04
10/08/2025,saveiro_2018,13.4,1.19
11/08/2025,saveiro_2018,12.9,1.14
12/08/2025,saveiro_2018,13,1.15
13/08/2025,saveiro_2018,11.6,1.03
14/08/2025,saveiro_2018,11.1,0.98
15/08/2025,saveiro_2018,9.4,0.83
16/08/2025,saveiro_2018,9.9,0.88
17/08/2025,saveiro_2018,13.3,1.18
18/08/2025,saveiro_2018,9.9,0.88
19/08/2025,saveiro_2018,11.2,0.99
20/08/2025,saveiro_2018,12.3,1.09
21/08/2025,saveiro_2018,10.9,0.96
22/08/2025,saveiro_2018,13.3,1.18
23/08/2025,saveiro_2018,12.3,1.09
24/08/2025,saveiro_2018,11.5,1.02
25/08/2025,saveiro_2018,12.3,1.09
26/08/2025,saveiro_2018,12.9,1.14
27/08/2025,saveiro_2018,10.3,0.91
28/08/2025,saveiro_2018,13.4,1.19
29/08/2025,saveiro_2018,9.1,0.81
30/08/2025,saveiro_2018,9.3,0.82
31/08/2025,saveiro_2018,13.5,1.19
01/09/2025,saveiro_2018,11,0.97
02/09/2025,saveiro_2018,13.3,1.18
03/09/2025,saveiro_2018,10.9,0.96
04/09/2025,saveiro_2018,9.2,0.81
05/09/2025,saveiro_2018,11,0.97
06/09/2025,saveiro_2018,10.8,0.96
07/09/2025,saveiro_2018,13.3,1.18
08/09/2025,saveiro_2018,9.1,0.81
09/09/2025,saveiro_2018,10.6,0.94
10/09/2025,saveiro_2018,13.3,1.18
11/09/2025,saveiro_2018,9.9,0.88
12/09/2025,saveiro_2018,13.2,1.17
13/09/2025,saveiro_2018,12.4,1.1
14/09/2025,saveiro_2018,10.3,0.91
15/09/2025,saveiro_2018,10.9,0.96
16/09/2025,saveiro_2018,11.2,0.99
17/09/2025,saveiro_2018,9.9,0.88
18/09/2025,saveiro_2018,11.8,1.04
19/09/2025,saveiro_2018,10.3,0.91
20/09/2025,saveiro_2018,9.3,0.82
21/09/2025,saveiro_2018,11.2,0.99
22/09/2025,saveiro_2018,9.2,0.81
23/09/2025,saveiro_2018,9.3,0.82
24/09/2025,saveiro_2018,9.1,0.81
25/09/2025,saveiro_2018,10.3,0.91
26/09/2025,saveiro_2018,9.6,0.85
27/09/2025,saveiro_2018,10.3,0.91
28/09/2025,saveiro_2018,13.5,1.19
29/09/2025,saveiro_2018,12,1.06
30/09/2025,saveiro_2018,9.7,0.86
01/10/2025,saveiro_2018,10.2,0.9
02/10/2025,saveiro_2018,11.5,1.02
03/10/2025,saveiro_2018,11.9,1.05
04/10/2025,saveiro_2018,10.8,0.96
05/10/2025,saveiro_2018,10.8,0.96
06/10/2025,saveiro_2018,9.3,0.82
07/10/2025,saveiro_2018,10.5,0.93
08/10/2025,saveiro_2018,13,1.15
09/10/2025,saveiro_2018,12.5,1.11
10/10/2025,saveiro_2018,13.3,1.18
11/10/2025,saveiro_2018,12.5,1.11
12/10/2025,saveiro_2018,10.5,0.93
13/10/2025,saveiro_2018,12.8,1.13
14/10/2025,saveiro_2018,13.2,1.17
15/10/2025,saveiro_2018,11.6,1.03
16/10/2025,saveiro_2018,10.8,0.96
17/10/2025,saveiro_2018,10.5,0.93
01/04/2025,saveiro_2024,14.7,0.8
02/04/2025,saveiro_2024,18.9,1.03
03/04/2025,saveiro_2024,21.3,1.16
04/04/2025,saveiro_2024,20.4,1.11
05/04/2025,saveiro_2024,18.1,0.99
06/04/2025,saveiro_2024,18,0.98
07/04/2025,saveiro_2024,17.4,0.95
08/04/2025,saveiro_2024,19.5,1.07
09/04/2025,saveiro_2024,15.7,0.86
10/04/2025,saveiro_2024,15.7,0.86
11/04/2025,saveiro_2024,20.1,1.1
12/04/2025,saveiro_2024,16.6,0.91
13/04/2025,saveiro_2024,20.9,1.14
14/04/2025,saveiro_2024,18.9,1.03
15/04/2025,saveiro_2024,21.9,1.2
16/04/2025,saveiro_2024,15.8,0.86
17/04/2025,saveiro_2024,16.1,0.88
18/04/2025,saveiro_2024,17.4,0.95
19/04/2025,saveiro_2024,19.8,1.08
20/04/2025,saveiro_2024,19.8,1.08
21/04/2025,saveiro_2024,17.1,0.93
22/04/2025,saveiro_2024,20.5,1.12
23/04/2025,saveiro_2024,17.8,0.97
24/04/2025,saveiro_2024,19.7,1.08
25/04/2025,saveiro_2024,18.9,1.03
26/04/2025,saveiro_2024,21.1,1.15
27/04/2025,saveiro_2024,16.8,0.92
28/04/2025,saveiro_2024,21.4,1.17
29/04/2025,saveiro_2024,17.4,0.95
30/04/2025,saveiro_2024,20.1,1.1
01/05/2025,saveiro_2024,20.8,1.14
02/05/2025,saveiro_2024,17.6,0.96
03/05/2025,saveiro_2024,20.9,1.14
04/05/2025,saveiro_2024,18.5,1.01
05/05/2025,saveiro_2024,21.5,1.17
06/05/2025,saveiro_2024,20.3,1.11
07/05/2025,saveiro_2024,20.4,1.11
08/05/2025,saveiro_2024,21.1,1.15
09/05/2025,saveiro_2024,21.6,1.18
10/05/2025,saveiro_2024,15.8,0.86
11/05/2025,saveiro_2024,20.7,1.13
12/05/2025,saveiro_2024,19.8,1.08
13/05/2025,saveiro_2024,20.7,1.13
14/05/2025,saveiro_2024,20.2,1.1
15/05/2025,saveiro_2024,16.3,0.89
16/05/2025,saveiro_2024,19,1.04
17/05/2025,saveiro_2024,17.5,0.96
18/05/2025,saveiro_2024,20.8,1.14
19/05/2025,saveiro_2024,19.5,1.07
20/05/2025,saveiro_2024,21.2,1.16
21/05/2025,saveiro_2024,16.9,0.92
22/05/2025,saveiro_2024,21,1.15
23/05/2025,saveiro_2024,19.2,1.05
24/05/2025,saveiro_2024,17.1,0.93
25/05/2025,saveiro_2024,20.9,1.14
26/05/2025,saveiro_2024,18.7,1.02
27/05/2025,saveiro_2024,16.4,0.9
28/05/2025,saveiro_2024,17.3,0.95
29/05/2025,saveiro_2024,16.8,0.92
30/05/2025,saveiro_2024,18.5,1.01
31/05/2025,saveiro_2024,17.9,0.98
01/06/2025,saveiro_2024,18.8,1.03
02/06/2025,saveiro_2024,14.9,0.81
03/06/2025,saveiro_2024,21.7,1.19
04/06/2025,saveiro_2024,20.6,1.13
05/06/2025,saveiro_2024,15.8,0.86
06/06/2025,saveiro_2024,15,0.82
07/06/2025,saveiro_2024,18.7,1.02
08/06/2025,saveiro_2024,19.6,1.07
09/06/2025,saveiro_2024,19.1,1.04
10/06/2025,saveiro_2024,21.9,1.2
11/06/2025,saveiro_2024,17,0.93
12/06/2025,saveiro_2024,15.6,0.85
13/06/2025,saveiro_2024,21.8,1.19
14/06/2025,saveiro_2024,15.3,0.84
15/06/2025,saveiro_2024,18.7,1.02
16/06/2025,saveiro_2024,21,1.15
17/06/2025,saveiro_2024,15.3,0.84
18/06/2025,saveiro_2024,15.5,0.85
19/06/2025,saveiro_2024,19.6,1.07
20/06/2025,saveiro_2024,21.7,1.19
21/06/2025,saveiro_2024,21,1.15
22/06/2025,saveiro_2024,15.2,0.83
23/06/2025,saveiro_2024,20.7,1.13
24/06/2025,saveiro_2024,20.2,1.1
25/06/2025,saveiro_2024,15.4,0.84
26/06/2025,saveiro_2024,18.2,0.99
27/06/2025,saveiro_2024,16,0.87
28/06/2025,saveiro_2024,17.5,0.96
29/06/2025,saveiro_2024,21.4,1.17
30/06/2025,saveiro_2024,17.9,0.98
01/07/2025,saveiro_2024,21.1,1.15
02/07/2025,saveiro_2024,16.9,0.92
03/07/2025,saveiro_2024,14.9,0.81
04/07/2025,saveiro_2024,19.3,1.05
05/07/2025,saveiro_2024,19.9,1.09
06/07/2025,saveiro_2024,16.6,0.91
07/07/2025,saveiro_2024,15.3,0.84
08/07/2025,saveiro_2024,16.1,0.88
09/07/2025,saveiro_2024,19.3,1.05
10/07/2025,saveiro_2024,17.6,0.96
11/07/2025,saveiro_2024,18.6,1.02
12/07/2025,saveiro_2024,18,0.98
13/07/2025,saveiro_2024,14.9,0.81
14/07/2025,saveiro_2024,17.2,0.94
15/07/2025,saveiro_2024,21.5,1.17
16/07/2025,saveiro_2024,20.1,1.1
17/07/2025,saveiro_2024,20.1,1.1
18/07/2025,saveiro_2024,20.5,1.12
19/07/2025,saveiro_2024,19,1.04
20/07/2025,saveiro_2024,20.1,1.1
21/07/2025,saveiro_2024,19.2,1.05
22/07/2025,saveiro_2024,19.7,1.08
23/07/2025,saveiro_2024,16.4,0.9
24/07/2025,saveiro_2024,18,0.98
25/07/2025,saveiro_2024,16.2,0.89
26/07/2025,saveiro_2024,19,1.04
27/07/2025,saveiro_2024,20.8,1.14
28/07/2025,saveiro_2024,17.1,0.93
29/07/2025,saveiro_2024,17.3,0.95
30/07/2025,saveiro_2024,18.3,1
31/07/2025,saveiro_2024,20,1.09
01/08/2025,saveiro_2024,15.7,0.86
02/08/2025,saveiro_2024,19.7,1.08
03/08/2025,saveiro_2024,15.6,0.85
04/08/2025,saveiro_2024,21,1.15
05/08/2025,saveiro_2024,18.1,0.99
06/08/2025,saveiro_2024,21.8,1.19
07/08/2025,saveiro_2024,17.7,0.97
08/08/2025,saveiro_2024,20.3,1.11
09/08/2025,saveiro_2024,21.8,1.19
10/08/2025,saveiro_2024,21,1.15
11/08/2025,saveiro_2024,21.2,1.16
12/08/2025,saveiro_2024,19.9,1.09
13/08/2025,saveiro_2024,18.6,1.02
14/08/2025,saveiro_2024,18.3,1
15/08/2025,saveiro_2024,16.5,0.9
16/08/2025,saveiro_2024,18.9,1.03
17/08/2025,saveiro_2024,21.4,1.17
18/08/2025,saveiro_2024,17.7,0.97
19/08/2025,saveiro_2024,14.7,0.8
20/08/2025,saveiro_2024,20.5,1.12
21/08/2025,saveiro_2024,14.8,0.81
22/08/2025,saveiro_2024,18.3,1
23/08/2025,saveiro_2024,18.7,1.02
24/08/2025,saveiro_2024,21.6,1.18
25/08/2025,saveiro_2024,17,0.93
26/08/2025,saveiro_2024,17.2,0.94
27/08/2025,saveiro_2024,16.3,0.89
28/08/2025,saveiro_2024,14.9,0.81
29/08/2025,saveiro_2024,20.6,1.13
30/08/2025,saveiro_2024,21.2,1.16
31/08/2025,saveiro_2024,20.4,1.11
01/09/2025,saveiro_2024,16.6,0.91
02/09/2025,saveiro_2024,17.8,0.97
03/09/2025,saveiro_2024,17.3,0.95
04/09/2025,saveiro_2024,18.7,1.02
05/09/2025,saveiro_2024,15.4,0.84
06/09/2025,saveiro_2024,21.5,1.17
07/09/2025,saveiro_2024,17.3,0.95
08/09/2025,saveiro_2024,18.9,1.03
09/09/2025,saveiro_2024,21.2,1.16
10/09/2025,saveiro_2024,20.8,1.14
11/09/2025,saveiro_2024,19.8,1.08
12/09/2025,saveiro_2024,14.9,0.81
13/09/2025,saveiro_2024,15.7,0.86
14/09/2025,saveiro_2024,16,0.87
15/09/2025,saveiro_2024,18.6,1.02
16/09/2025,saveiro_2024,18,0.98
17/09/2025,saveiro_2024,19,1.04
18/09/2025,saveiro_2024,17.7,0.97
19/09/2025,saveiro_2024,19.5,1.07
20/09/2025,saveiro_2024,21.7,1.19
21/09/2025,saveiro_2024,15.4,0.84
22/09/2025,saveiro_2024,17.2,0.94
23/09/2025,saveiro_2024,19.4,1.06
24/09/2025,saveiro_2024,20.3,1.11
25/09/2025,saveiro_2024,18.7,1.02
26/09/2025,saveiro_2024,21.1,1.15
27/09/2025,saveiro_2024,18.3,1
28/09/2025,saveiro_2024,20.5,1.12
29/09/2025,saveiro_2024,20,1.09
30/09/2025,saveiro_2024,17.9,0.98
01/10/2025,saveiro_2024,21.9,1.2
02/10/2025,saveiro_2024,17,0.93
03/10/2025,saveiro_2024,19.1,1.04
04/10/2025,saveiro_2024,17.6,0.96
05/10/2025,saveiro_2024,21.6,1.18
06/10/2025,saveiro_2024,18.9,1.03
07/10/2025,saveiro_2024,19.9,1.09
08/10/2025,saveiro_2024,20.9,1.14
09/10/2025,saveiro_2024,16.9,0.92
10/10/2025,saveiro_2024,19,1.04
11/10/2025,saveiro_2024,21.9,1.2
12/10/2025,saveiro_2024,18.4,1.01
13/10/2025,saveiro_2024,17.9,0.98
14/10/2025,saveiro_2024,14.9,0.81
15/10/2025,saveiro_2024,15.3,0.84
16/10/2025,saveiro_2024,20,1.09
17/10/2025,saveiro_2024,20.2,1.1
01/04/2025,ram_700_2016,15.3,1.02
02/04/2025,ram_700_2016,16,1.07
03/04/2025,ram_700_2016,17.7,1.18
04/04/2025,ram_700_2016,17.2,1.15
05/04/2025,ram_700_2016,12.3,0.82
06/04/2025,ram_700_2016,16,1.07
07/04/2025,ram_700_2016,15.5,1.03
08/04/2025,ram_700_2016,15.1,1.01
09/04/2025,ram_700_2016,13.2,0.88
10/04/2025,ram_700_2016,17.1,1.14
11/04/2025,ram_700_2016,15.3,1.02
12/04/2025,ram_700_2016,13.8,0.92
13/04/2025,ram_700_2016,14.6,0.97
14/04/2025,ram_700_2016,16.6,1.11
15/04/2025,ram_700_2016,14.3,0.95
16/04/2025,ram_700_2016,17.8,1.19
17/04/2025,ram_700_2016,15.4,1.03
18/04/2025,ram_700_2016,17,1.13
19/04/2025,ram_700_2016,12.9,0.86
20/04/2025,ram_700_2016,17.6,1.17
21/04/2025,ram_700_2016,15.1,1.01
22/04/2025,ram_700_2016,16.8,1.12
23/04/2025,ram_700_2016,15.7,1.05
24/04/2025,ram_700_2016,16.9,1.13
25/04/2025,ram_700_2016,14.3,0.95
26/04/2025,ram_700_2016,17.2,1.15
27/04/2025,ram_700_2016,14.7,0.98
28/04/2025,ram_700_2016,16.1,1.07
29/04/2025,ram_700_2016,14.3,0.95
30/04/2025,ram_700_2016,13.9,0.93
01/05/2025,ram_700_2016,17.1,1.14
02/05/2025,ram_700_2016,15.8,1.05
03/05/2025,ram_700_2016,13,0.87
04/05/2025,ram_700_2016,15.1,1.01
05/05/2025,ram_700_2016,17,1.13
06/05/2025,ram_700_2016,16.4,1.09
07/05/2025,ram_700_2016,17.3,1.15
08/05/2025,ram_700_2016,13.2,0.88
09/05/2025,ram_700_2016,12.4,0.83
10/05/2025,ram_700_2016,13,0.87
11/05/2025,ram_700_2016,17.5,1.17
12/05/2025,ram_700_2016,16.5,1.1
13/05/2025,ram_700_2016,13.2,0.88
14/05/2025,ram_700_2016,17.8,1.19
15/05/2025,ram_700_2016,14.6,0.97
16/05/2025,ram_700_2016,14.1,0.94
17/05/2025,ram_700_2016,17.3,1.15
18/05/2025,ram_700_2016,12.6,0.84
19/05/2025,ram_700_2016,13.7,0.91
20/05/2025,ram_700_2016,15.5,1.03
21/05/2025,ram_700_2016,17.5,1.17
22/05/2025,ram_700_2016,12.3,0.82
23/05/2025,ram_700_2016,17.3,1.15
24/05/2025,ram_700_2016,14,0.93
25/05/2025,ram_700_2016,17.2,1.15
26/05/2025,ram_700_2016,17,1.13
27/05/2025,ram_700_2016,17.9,1.19
28/05/2025,ram_700_2016,14.2,0.95
29/05/2025,ram_700_2016,14.7,0.98
30/05/2025,ram_700_2016,15.4,1.03
31/05/2025,ram_700_2016,16.5,1.1
01/06/2025,ram_700_2016,14.1,0.94
02/06/2025,ram_700_2016,14.4,0.96
03/06/2025,ram_700_2016,17.3,1.15
04/06/2025,ram_700_2016,16.1,1.07
05/06/2025,ram_700_2016,12.3,0.82
06/06/2025,ram_700_2016,16.1,1.07
07/06/2025,ram_700_2016,15,1
08/06/2025,ram_700_2016,16.7,1.11
09/06/2025,ram_700_2016,16.9,1.13
10/06/2025,ram_700_2016,12.1,0.81
11/06/2025,ram_700_2016,13.2,0.88
12/06/2025,ram_700_2016,15.1,1.01
13/06/2025,ram_700_2016,12.9,0.86
14/06/2025,ram_700_2016,13.2,0.88
15/06/2025,ram_700_2016,17.7,1.18
16/06/2025,ram_700_2016,13.5,0.9
17/06/2025,ram_700_2016,16.6,1.11
18/06/2025,ram_700_2016,17.8,1.19
19/06/2025,ram_700_2016,14.5,0.97
20/06/2025,ram_700_2016,13.7,0.91
21/06/2025,ram_700_2016,16.8,1.12
22/06/2025,ram_700_2016,16.3,1.09
23/06/2025,ram_700_2016,15.9,1.06
24/06/2025,ram_700_2016,13.4,0.89
25/06/2025,ram_700_2016,15.3,1.02
26/06/2025,ram_700_2016,16.3,1.09
27/06/2025,ram_700_2016,13.6,0.91
28/06/2025,ram_700_2016,13.9,0.93
29/06/2025,ram_700_2016,13.9,0.93
30/06/2025,ram_700_2016,12.2,0.81
01/07/2025,ram_700_2016,16.4,1.09
02/07/2025,ram_700_2016,17.3,1.15
03/07/2025,ram_700_2016,15,1
04/07/2025,ram_700_2016,12.3,0.82
05/07/2025,ram_700_2016,12.9,0.86
06/07/2025,ram_700_2016,16.2,1.08
07/07/2025,ram_700_2016,17.2,1.15
08/07/2025,ram_700_2016,12.9,0.86
09/07/2025,ram_700_2016,12.1,0.81
10/07/2025,ram_700_2016,17.5,1.17
11/07/2025,ram_700_2016,17.1,1.14
12/07/2025,ram_700_2016,14.7,0.98
13/07/2025,ram_700_2016,16.5,1.1
14/07/2025,ram_700_2016,16.7,1.11
15/07/2025,ram_700_2016,16.6,1.11
16/07/2025,ram_700_2016,14.7,0.98
17/07/2025,ram_700_2016,12.2,0.81
18/07/2025,ram_700_2016,13.7,0.91
19/07/2025,ram_700_2016,16.7,1.11
20/07/2025,ram_700_2016,17.9,1.19
21/07/2025,ram_700_2016,13.8,0.92
22/07/2025,ram_700_2016,13.3,0.89
23/07/2025,ram_700_2016,13.9,0.93
24/07/2025,ram_700_2016,12.3,0.82
25/07/2025,ram_700_2016,12.5,0.83
26/07/2025,ram_700_2016,16.5,1.1
27/07/2025,ram_700_2016,13.5,0.9
28/07/2025,ram_700_2016,14.6,0.97
29/07/2025,ram_700_2016,13.9,0.93
30/07/2025,ram_700_2016,13.8,0.92
31/07/2025,ram_700_2016,15.3,1.02
01/08/2025,ram_700_2016,12.2,0.81
02/08/2025,ram_700_2016,13,0.87
03/08/2025,ram_700_2016,14.8,0.99
04/08/2025,ram_700_2016,17.9,1.19
05/08/2025,ram_700_2016,12.6,0.84
06/08/2025,ram_700_2016,14.9,0.99
07/08/2025,ram_700_2016,16,1.07
08/08/2025,ram_700_2016,13,0.87
09/08/2025,ram_700_2016,12.5,0.83
10/08/2025,ram_700_2016,14.1,0.94
11/08/2025,ram_700_2016,14.7,0.98
12/08/2025,ram_700_2016,17.8,1.19
13/08/2025,ram_700_2016,14.7,0.98
14/08/2025,ram_700_2016,17.1,1.14
15/08/2025,ram_700_2016,15.5,1.03
16/08/2025,ram_700_2016,15,1
17/08/2025,ram_700_2016,14.7,0.98
18/08/2025,ram_700_2016,16.6,1.11
19/08/2025,ram_700_2016,17.4,1.16
20/08/2025,ram_700_2016,17.7,1.18
21/08/2025,ram_700_2016,14.6,0.97
22/08/2025,ram_700_2016,16.1,1.07
23/08/2025,ram_700_2016,12.3,0.82
24/08/2025,ram_700_2016,15.8,1.05
25/08/2025,ram_700_2016,12.9,0.86
26/08/2025,ram_700_2016,17.2,1.15
27/08/2025,ram_700_2016,14.3,0.95
28/08/2025,ram_700_2016,17.4,1.16
29/08/2025,ram_700_2016,17,1.13
30/08/2025,ram_700_2016,17.4,1.16
31/08/2025,ram_700_2016,16.9,1.13
01/09/2025,ram_700_2016,14,0.93
02/09/2025,ram_700_2016,16.5,1.1
03/09/2025,ram_700_2016,17.4,1.16
04/09/2025,ram_700_2016,12.7,0.85
05/09/2025,ram_700_2016,16.5,1.1
06/09/2025,ram_700_2016,16.9,1.13
07/09/2025,ram_700_2016,12.7,0.85
08/09/2025,ram_700_2016,14.9,0.99
09/09/2025,ram_700_2016,14.1,0.94
10/09/2025,ram_700_2016,15.4,1.03
11/09/2025,ram_700_2016,15.5,1.03
12/09/2025,ram_700_2016,16.4,1.09
13/09/2025,ram_700_2016,17.8,1.19
14/09/2025,ram_700_2016,14.6,0.97
15/09/2025,ram_700_2016,18,1.2
16/09/2025,ram_700_2016,12.7,0.85
17/09/2025,ram_700_2016,15.1,1.01
18/09/2025,ram_700_2016,13.6,0.91
19/09/2025,ram_700_2016,13.4,0.89
20/09/2025,ram_700_2016,13.4,0.89
21/09/2025,ram_700_2016,13.2,0.88
22/09/2025,ram_700_2016,15,1
23/09/2025,ram_700_2016,12.6,0.84
24/09/2025,ram_700_2016,15,1
25/09/2025,ram_700_2016,13.8,0.92
26/09/2025,ram_700_2016,16.8,1.12
27/09/2025,ram_700_2016,15.1,1.01
28/09/2025,ram_700_2016,14.9,0.99
29/09/2025,ram_700_2016,14.3,0.95
30/09/2025,ram_700_2016,12.2,0.81
01/10/2025,ram_700_2016,12,0.8
02/10/2025,ram_700_2016,13.3,0.89
03/10/2025,ram_700_2016,16.8,1.12
04/10/2025,ram_700_2016,16.6,1.11
05/10/2025,ram_700_2016,12.5,0.83
06/10/2025,ram_700_2016,15.2,1.01
07/10/2025,ram_700_2016,13.9,0.93
08/10/2025,ram_700_2016,14.5,0.97
09/10/2025,ram_700_2016,17,1.13
10/10/2025,ram_700_2016,15.2,1.01
11/10/2025,ram_700_2016,12.7,0.85
12/10/2025,ram_700_2016,12.1,0.81
13/10/2025,ram_700_2016,14.3,0.95
14/10/2025,ram_700_2016,17.3,1.15
15/10/2025,ram_700_2016,12,0.8
16/10/2025,ram_700_2016,14.7,0.98
17/10/2025,ram_700_2016,14.7,0.98
01/04/2025,explore_sport,11,0.89
02/04/2025,explore_sport,14.1,1.14
03/04/2025,explore_sport,14,1.13
04/04/2025,explore_sport,11.9,0.96
05/04/2025,explore_sport,12.5,1.01
06/04/2025,explore_sport,12.8,1.03
07/04/2025,explore_sport,13.4,1.08
08/04/2025,explore_sport,10.5,0.85
09/04/2025,explore_sport,11.6,0.94
10/04/2025,explore_sport,10.5,0.85
11/04/2025,explore_sport,12.4,1
12/04/2025,explore_sport,10.1,0.81
13/04/2025,explore_sport,13.8,1.11
14/04/2025,explore_sport,11.2,0.9
15/04/2025,explore_sport,14.7,1.19
16/04/2025,explore_sport,12.6,1.02
17/04/2025,explore_sport,10.1,0.81
18/04/2025,explore_sport,10.5,0.85
19/04/2025,explore_sport,11.5,0.93
20/04/2025,explore_sport,11.8,0.95
21/04/2025,explore_sport,13.2,1.06
22/04/2025,explore_sport,12.5,1.01
23/04/2025,explore_sport,12,0.97
24/04/2025,explore_sport,14.6,1.18
25/04/2025,explore_sport,11.7,0.94
26/04/2025,explore_sport,12.6,1.02
27/04/2025,explore_sport,11.3,0.91
28/04/2025,explore_sport,10.8,0.87
29/04/2025,explore_sport,10.7,0.86
30/04/2025,explore_sport,11.9,0.96
01/05/2025,explore_sport,11.3,0.91
02/05/2025,explore_sport,13.9,1.12
03/05/2025,explore_sport,10.9,0.88
04/05/2025,explore_sport,10.8,0.87
05/05/2025,explore_sport,14.5,1.17
06/05/2025,explore_sport,12.4,1
07/05/2025,explore_sport,14.3,1.15
08/05/2025,explore_sport,13.4,1.08
09/05/2025,explore_sport,11.1,0.9
10/05/2025,explore_sport,9.9,0.8
11/05/2025,explore_sport,10.7,0.86
12/05/2025,explore_sport,13.7,1.1
13/05/2025,explore_sport,12,0.97
14/05/2025,explore_sport,10.4,0.84
15/05/2025,explore_sport,10.6,0.85
16/05/2025,explore_sport,10.2,0.82
17/05/2025,explore_sport,12.4,1
18/05/2025,explore_sport,12.5,1.01
19/05/2025,explore_sport,12.1,0.98
20/05/2025,explore_sport,10.7,0.86
21/05/2025,explore_sport,13.9,1.12
22/05/2025,explore_sport,10.3,0.83
23/05/2025,explore_sport,13.8,1.11
24/05/2025,explore_sport,13.3,1.07
25/05/2025,explore_sport,12.1,0.98
26/05/2025,explore_sport,13.9,1.12
27/05/2025,explore_sport,14.8,1.19
28/05/2025,explore_sport,13.1,1.06
29/05/2025,explore_sport,10.5,0.85
30/05/2025,explore_sport,14.6,1.18
31/05/2025,explore_sport,11.9,0.96
01/06/2025,explore_sport,10.5,0.85
02/06/2025,explore_sport,13.4,1.08
03/06/2025,explore_sport,10.4,0.84
04/06/2025,explore_sport,14.2,1.15
05/06/2025,explore_sport,11.6,0.94
06/06/2025,explore_sport,12.9,1.04
07/06/2025,explore_sport,12,0.97
08/06/2025,explore_sport,10.7,0.86
09/06/2025,explore_sport,14.7,1.19
10/06/2025,explore_sport,11.8,0.95
11/06/2025,explore_sport,14.1,1.14
12/06/2025,explore_sport,14,1.13
13/06/2025,explore_sport,13.6,1.1
14/06/2025,explore_sport,12.3,0.99
15/06/2025,explore_sport,11.4,0.92
16/06/2025,explore_sport,14.6,1.18
17/06/2025,explore_sport,13.6,1.1
18/06/2025,explore_sport,11.7,0.94
19/06/2025,explore_sport,12,0.97
20/06/2025,explore_sport,12.2,0.98
21/06/2025,explore_sport,10.2,0.82
22/06/2025,explore_sport,13.6,1.1
23/06/2025,explore_sport,13.3,1.07
24/06/2025,explore_sport,10.7,0.86
25/06/2025,explore_sport,12.4,1
26/06/2025,explore_sport,12.4,1
27/06/2025,explore_sport,13.1,1.06
28/06/2025,explore_sport,10.3,0.83
29/06/2025,explore_sport,11.5,0.93
30/06/2025,explore_sport,11.7,0.94
01/07/2025,explore_sport,14.3,1.15
02/07/2025,explore_sport,13.6,1.1
03/07/2025,explore_sport,11.3,0.91
04/07/2025,explore_sport,12,0.97
05/07/2025,explore_sport,10.7,0.86
06/07/2025,explore_sport,11.7,0.94
07/07/2025,explore_sport,12.1,0.98
08/07/2025,explore_sport,11.3,0.91
09/07/2025,explore_sport,13.7,1.1
10/07/2025,explore_sport,10.8,0.87
11/07/2025,explore_sport,14.1,1.14
12/07/2025,explore_sport,10.8,0.87
13/07/2025,explore_sport,10.2,0.82
14/07/2025,explore_sport,10.5,0.85
15/07/2025,explore_sport,11.6,0.94
16/07/2025,explore_sport,10.1,0.81
17/07/2025,explore_sport,14.1,1.14
18/07/2025,explore_sport,13.6,1.1
19/07/2025,explore_sport,10.1,0.81
20/07/2025,explore_sport,10.7,0.86
21/07/2025,explore_sport,11.6,0.94
22/07/2025,explore_sport,10,0.81
23/07/2025,explore_sport,11.9,0.96
24/07/2025,explore_sport,10.7,0.86
25/07/2025,explore_sport,11.8,0.95
26/07/2025,explore_sport,10.4,0.84
27/07/2025,explore_sport,13,1.05
28/07/2025,explore_sport,10.7,0.86
29/07/2025,explore_sport,14.7,1.19
30/07/2025,explore_sport,10.9,0.88
31/07/2025,explore_sport,10,0.81
01/08/2025,explore_sport,10.1,0.81
02/08/2025,explore_sport,14.7,1.19
03/08/2025,explore_sport,10.4,0.84
04/08/2025,explore_sport,13.8,1.11
05/08/2025,explore_sport,14.4,1.16
06/08/2025,explore_sport,11.1,0.9
07/08/2025,explore_sport,13.7,1.1
08/08/2025,explore_sport,10,0.81
09/08/2025,explore_sport,13.3,1.07
10/08/2025,explore_sport,11.3,0.91
11/08/2025,explore_sport,11,0.89
12/08/2025,explore_sport,10.4,0.84
13/08/2025,explore_sport,9.9,0.8
14/08/2025,explore_sport,12,0.97
15/08/2025,explore_sport,11.8,0.95
16/08/2025,explore_sport,13.6,1.1
17/08/2025,explore_sport,11.7,0.94
18/08/2025,explore_sport,11.7,0.94
19/08/2025,explore_sport,14.7,1.19
20/08/2025,explore_sport,14.4,1.16
21/08/2025,explore_sport,14.9,1.2
22/08/2025,explore_sport,10.9,0.88
23/08/2025,explore_sport,12.2,0.98
24/08/2025,explore_sport,12.3,0.99
25/08/2025,explore_sport,14.6,1.18
26/08/2025,explore_sport,13.3,1.07
27/08/2025,explore_sport,13.4,1.08
28/08/2025,explore_sport,10.3,0.83
29/08/2025,explore_sport,14.3,1.15
30/08/2025,explore_sport,12.3,0.99
31/08/2025,explore_sport,14.8,1.19
01/09/2025,explore_sport,12.9,1.04
02/09/2025,explore_sport,13.3,1.07
03/09/2025,explore_sport,14.7,1.19
04/09/2025,explore_sport,11.7,0.94
05/09/2025,explore_sport,10.2,0.82
06/09/2025,explore_sport,12.1,0.98
07/09/2025,explore_sport,10.3,0.83
08/09/2025,explore_sport,12.7,1.02
09/09/2025,explore_sport,11.1,0.9
10/09/2025,explore_sport,11.6,0.94
11/09/2025,explore_sport,13.1,1.06
12/09/2025,explore_sport,11.7,0.94
13/09/2025,explore_sport,13.3,1.07
14/09/2025,explore_sport,14.3,1.15
15/09/2025,explore_sport,14.8,1.19
16/09/2025,explore_sport,14.8,1.19
17/09/2025,explore_sport,13.6,1.1
18/09/2025,explore_sport,14.2,1.15
19/09/2025,explore_sport,12.8,1.03
20/09/2025,explore_sport,11.9,0.96
21/09/2025,explore_sport,13.2,1.06
22/09/2025,explore_sport,10.4,0.84
23/09/2025,explore_sport,14.4,1.16
24/09/2025,explore_sport,10.4,0.84
25/09/2025,explore_sport,13,1.05
26/09/2025,explore_sport,13.3,1.07
27/09/2025,explore_sport,13.4,1.08
28/09/2025,explore_sport,10.4,0.84
29/09/2025,explore_sport,11.2,0.9
30/09/2025,explore_sport,11.6,0.94
01/10/2025,explore_sport,13.5,1.09
02/10/2025,explore_sport,12.4,1
03/10/2025,explore_sport,10.5,0.85
04/10/2025,explore_sport,11.2,0.9
05/10/2025,explore_sport,10.4,0.84
06/10/2025,explore_sport,13.8,1.11
07/10/2025,explore_sport,11.9,0.96
08/10/2025,explore_sport,12,0.97
09/10/2025,explore_sport,11.6,0.94
10/10/2025,explore_sport,10.3,0.83
11/10/2025,explore_sport,10.5,0.85
12/10/2025,explore_sport,13.2,1.06
13/10/2025,explore_sport,12.2,0.98
14/10/2025,explore_sport,13.2,1.06
15/10/2025,explore_sport,10.2,0.82
16/10/2025,explore_sport,14.4,1.16
17/10/2025,explore_sport,11.9,0.96
